video_id,title,publishedAt,duration,hours,minutes,seconds,total_seconds
oiZvK6MY7tI,"Call Your Ex, Win $10,000",2025-10-07T16:00:00Z,PT34S,0,0,34,34
F0OkwXKcPSE,Hi Me In 10 Years,2025-10-04T16:00:07Z,PT3M14S,0,3,14,194
686PL7rt654,World‚Äôs Fastest Dinner Date,2025-10-03T16:00:03Z,PT34S,0,0,34,34
zo7i8VTpfNM,"Would You Risk Dying For $500,000?",2025-09-27T16:00:04Z,PT25M26S,0,25,26,1526
NfhuGUyWYfQ,Would Your Grandma Go Skydiving?,2025-09-26T18:00:07Z,PT42S,0,0,42,42
wIpWCJKfRXs,I Cooked A Pizza With Power Tools,2025-09-23T16:00:07Z,PT40S,0,0,40,40
9Xeepzg1B8I,Which Celebrity Punches The Hardest?,2025-09-19T16:00:03Z,PT47S,0,0,47,47
50G0kIty7Cg,"Answer The Call, Win $10,000",2025-09-16T17:00:04Z,PT39S,0,0,39,39
4l97aNza_Zc,"Survive 30 Days Chained To Your Ex, Win $250,000",2025-09-13T16:00:01Z,PT37M4S,0,37,4,2224
3ih2bPKSWsQ,I Arrested IShowSpeed,2025-09-12T17:00:01Z,PT35S,0,0,35,35
uA9Zcg3vHvo,I Raced IShowSpeed,2025-09-01T20:45:41Z,PT47S,0,0,47,47
_AbFXuGDRTs,"$1 vs $1,000,000,000 Nuclear Bunker!",2025-08-30T16:00:11Z,PT17M18S,0,17,18,1038
MOGW3v3pJ5Y,1 Subscriber = 1 Penny Donated,2025-08-29T16:00:10Z,PT18S,0,0,18,18
XNtTO_339kU,"Pick The Wrong Tube, Get Slimed",2025-08-27T16:00:02Z,PT36S,0,0,36,36
rB9NynBZ4go,Reaction Time Challenge,2025-08-19T16:00:02Z,PT29S,0,0,29,29
TDv56whosPQ,"Survive 100 Days In Prison, Win $500,000",2025-08-16T19:00:02Z,PT39M36S,0,39,36,2376
R_BmT1OJw98,Every YouTube Play Button I Have,2025-08-15T16:00:01Z,PT15S,0,0,15,15
vpRW4JhzfSE,1 Subscriber = 1 Second In The Arctic,2025-08-08T16:00:02Z,PT17S,0,0,17,17
qXW93Cois2s,Guess What Hit You,2025-08-05T16:00:01Z,PT32S,0,0,32,32
r7f0L48dHpc,$1  = One Year of Clean Water,2025-08-02T16:00:02Z,PT32S,0,0,32,32
Z4hVGCWH1Kc,"2,000,000 People Get Clean Water For The First Time!",2025-08-01T16:00:01Z,PT10M20S,0,10,20,620
zxuICI0kL3s,"Don‚Äôt Turn Around, Win $10k",2025-07-31T16:00:01Z,PT31S,0,0,31,31
R1SFXJo-FlE,Subscribe To Explode The TNT,2025-07-29T16:00:01Z,PT19S,0,0,19,19
lQz5aqjZ3lQ,"Find This Briefcase, Win $10,000",2025-07-25T16:00:02Z,PT1M7S,0,1,7,67
EiFcNbXBqeo,Jet Engine vs Human for $10k,2025-07-20T16:00:01Z,PT24S,0,0,24,24
pzBi1nwDn8U,"Survive 100 Days Trapped In A Private Jet, Keep It",2025-07-19T16:00:01Z,PT33M3S,0,33,3,1983
R7oW0LwS_e4,I Met Neymar,2025-07-11T16:15:07Z,PT10S,0,0,10,10
BfKI_TQnQvo,I Raced A Cheetah,2025-07-06T16:00:01Z,PT20S,0,0,20,20
FWAdfuPpLOc,World's Fastest Car Vs Cheetah!,2025-07-05T16:00:01Z,PT20M37S,0,20,37,1237
NjlP2_l1Wr0,"You Lose, You Get Shot",2025-06-30T16:00:08Z,PT36S,0,0,36,36
gGcaGdHlt60,"If You Spill, You Lose!",2025-06-25T17:00:08Z,PT19S,0,0,19,19
pe_ejTiIcSs,"Lose 100 LBs, Win $250,000!",2025-06-21T16:00:01Z,PT36M50S,0,36,50,2210
V6In4tmd-w8,"$1 vs $25,000 VFX",2025-06-19T17:00:41Z,PT23S,0,0,23,23
ZGvn9ywXjpY,Feastables vs Reese‚Äôs Taste Test with @gordonramsay,2025-06-10T16:00:02Z,PT33S,0,0,33,33
hTSaweR8qMI,"$1 vs $500,000 Date",2025-06-07T16:00:00Z,PT17M22S,0,17,22,1042
KCRLP-zBacU,Can I Teach a Penguin To Subscribe?,2025-05-31T16:10:27Z,PT9S,0,0,9,9
c2ukL_zjFCk,Extreme Helmet Game,2025-05-28T16:00:19Z,PT32S,0,0,32,32
DZIASl9q90s,"Beat Neymar, Win $500,000",2025-05-24T16:00:01Z,PT27M53S,0,27,53,1673
7qY-qalCI2Y,"Grab The Rolex, Keep It!",2025-05-21T15:59:50Z,PT23S,0,0,23,23
N0pwLtonPdg,Slippery vs Sticky Stairs,2025-05-16T16:00:01Z,PT36S,0,0,36,36
-4GmbBoYQjE,I Survived 100 Hours In An Ancient Temple,2025-05-10T16:00:01Z,PT15M46S,0,15,46,946
0yPgljFcTR4,"Subscribe to Win $50,000",2025-05-07T16:00:01Z,PT15S,0,0,15,15
TN1wErFGTzM,"Find This Key, Win $10,000",2025-05-05T16:00:00Z,PT39S,0,0,39,39
3dxksf0CzS8,World‚Äôs Fastest Robbers,2025-05-02T16:00:00Z,PT32S,0,0,32,32
x7yv72s8h0o,Would You Go On Vacation With A Stranger?,2025-04-29T16:00:00Z,PT1M3S,0,1,3,63
uyiG6uw-6pA,"Would You Risk Drowning for $500,000?",2025-04-26T16:00:00Z,PT25M46S,0,25,46,1546
M1STzb7k9L8,Extreme Helmet Game,2025-04-25T16:15:00Z,PT23S,0,0,23,23
7K-yxGWYsnk,"$10,000 Human Shuffleboard",2025-04-22T16:30:14Z,PT40S,0,0,40,40
Tbn4cYCaZCk,"Drift This Car, Win $10,000",2025-04-16T17:00:15Z,PT20S,0,0,20,20
figrl0aOULs,Click This Video To Feed 1 Person,2025-04-12T16:00:01Z,PT10M29S,0,10,29,629
Uxc84UUrVHk,You Can Stop Child Labor,2025-04-11T16:00:01Z,PT58S,0,0,58,58
BzKaMelDzqo,How Fast Can I Go?,2025-04-05T16:00:12Z,PT18S,0,0,18,18
4yx9ZJDfyKk,Baseball Tic Tac Toe vs MLB Pro,2025-03-27T16:00:00Z,PT27S,0,0,27,27
kPa_S6jN9ls,Could You Win This Obstacle Course?,2025-03-25T16:15:01Z,PT34S,0,0,34,34
69g-YcbmgQA,"Find Your Dog, Win $10,000",2025-03-23T16:00:01Z,PT36S,0,0,36,36
aKq8bkY5eTU,I Survived The 5 Deadliest Places On Earth,2025-03-22T16:00:00Z,PT13M23S,0,13,23,803
TNtpUQbW4mg,This Is How The Pyramids Were Built,2025-03-18T16:00:00Z,PT13S,0,0,13,13
TgCm8oDmxOk,I Crashed One Of The Most Expensive Cars In The World,2025-03-14T16:00:00Z,PT16S,0,0,16,16
954wJ3uHVAk,Last One To Fall Wins,2025-03-08T18:05:23Z,PT30S,0,0,30,30
zajUgQLviwk,"Last to Leave Their Circle Wins $500,000",2025-03-01T17:00:01Z,PT38M38S,0,38,38,2318
PXevNM0awlI,"Highest Away From Me Wins $10,000",2025-02-28T17:00:00Z,PT50S,0,0,50,50
PuQ5UxKUY48,"Find The Human, Win $10,000",2025-02-24T17:00:02Z,PT41S,0,0,41,41
L5ihmu87xTE,"Find This Stranger, Win $10,000",2025-02-19T18:00:00Z,PT1M1S,0,1,1,61
nAiKLoCP-kU,"Reach the Money, Win $10,000",2025-02-14T18:15:00Z,PT25S,0,0,25,25
NDsO1LT_0lw,I Spent 100 Hours Inside The Pyramids!,2025-02-08T17:00:00Z,PT21M43S,0,21,43,1303
sF5LYGgKbUA,Every Minute One Person Is Eliminated,2025-01-25T17:00:01Z,PT34M46S,0,34,46,2086
MFpWEKN9c6Y,"Last Person Hanging Wins $10,000",2025-01-21T17:00:03Z,PT43S,0,0,43,43
TRxMLLuWIhw,Subscribe For An iPhone,2025-01-17T17:00:00Z,PT17S,0,0,17,17
SM66GDRyIVY,"I Helped 2,000 People Walk Again",2025-01-11T17:00:02Z,PT15M31S,0,15,31,931
EvqtfK_RaRg,This obstacle course is WILD,2025-01-10T17:00:00Z,PT32S,0,0,32,32
3cWm9B_0_kI,How Many People To Stop Ronaldo?,2024-12-27T19:00:00Z,PT21S,0,0,21,21
qtWqHIx8Z-o,"Last Person Standing Wins $10,000",2024-12-22T17:00:01Z,PT48S,0,0,48,48
gs8qfL9PNac,"2,000 People Fight For $5,000,000",2024-12-19T17:00:00Z,PT24M45S,0,24,45,1485
DBPYB8WkkDc,Bring Me Back Snow From The North Pole,2024-12-10T17:00:00Z,PT55S,0,0,55,55
zvBXpoBegwE,I Got T-Series To Subscribe To Me,2024-12-09T17:00:01Z,PT31S,0,0,31,31
SWc8fI_9iqA,Ronaldo Teaches Me How To SIUU,2024-12-01T17:00:00Z,PT15S,0,0,15,15
0BjlBnfHcHM,"Beat Ronaldo, Win $1,000,000",2024-11-30T17:00:00Z,PT22M45S,0,22,45,1365
HcL1EQ5qD_g,Confronting Ronaldo,2024-11-29T17:30:10Z,PT21S,0,0,21,21
dc089EZRGcg,How Many Balloons To Make A Store Fly?,2024-11-18T19:00:00Z,PT22S,0,0,22,22
vXNtju4VFm4,Restocking MrBeast Labs at Walmart,2024-11-18T17:00:00Z,PT36S,0,0,36,36
I9mw5UlDyPI,This Game Is Wild...,2024-11-12T17:00:00Z,PT19S,0,0,19,19
pS-fFdvyHLE,How Much Tape To Stop A Lamborghini?,2024-11-08T17:00:00Z,PT15S,0,0,15,15
Xj0Jtjg3lHQ,"$1 vs $500,000 Experiences!",2024-11-02T16:00:00Z,PT17M40S,0,17,40,1060
9UtcHPCEBgg,1 Subscriber = 1 Penny,2024-10-19T18:00:00Z,PT17S,0,0,17,17
ZNt_GoOBHq8,Human vs Jet Engine,2024-10-17T19:00:00Z,PT19S,0,0,19,19
bn0Kh9c4Zv4,7 Days Exploring An Underground City,2024-10-12T16:00:00Z,PT20M35S,0,20,35,1235
dDVFnfCwjHA,Will A Basketball Boat Hold My Weight?,2024-10-11T16:00:01Z,PT30S,0,0,30,30
Kt2HvqRruHQ,"Find The Real MrBeast, Win $10,000",2024-10-05T16:00:00Z,PT37S,0,0,37,37
vDrSCXFMAKk,"Spot The Difference, Win $10,000",2024-09-28T20:00:00Z,PT58S,0,0,58,58
snX5YyflrGw,"100 Identical Twins Fight For $250,000",2024-09-28T16:00:00Z,PT35M40S,0,35,40,2140
nbzQdlWrcnk,Running With Bigger And Bigger Lunchlys,2024-09-20T16:00:00Z,PT18S,0,0,18,18
8krJy31Diow,Holding Bigger And Bigger Dogs,2024-09-16T18:00:00Z,PT17S,0,0,17,17
aRcUVhVlSHg,"Men Vs Women Survive In The Wilderness For $500,000",2024-09-07T16:00:00Z,PT31M48S,0,31,48,1908
Jo7sfpeWqwE,Will A Guitar Boat Hold My Weight?,2024-09-05T16:00:01Z,PT20S,0,0,20,20
QtD-CeUdRUQ,"Real Or Cake For $10,000",2024-08-29T16:00:00Z,PT37S,0,0,37,37
ndAQfTzlVjc,7 Days Stranded In A Cave,2024-08-17T16:00:00Z,PT17M59S,0,17,59,1079
AydS-vA3qa4,Running With Bigger And Bigger Feastables,2024-08-15T23:00:00Z,PT17S,0,0,17,17
UPrkC1LdlLY,"Survive 100 Days In Nuclear Bunker, Win $500,000",2024-08-03T16:00:00Z,PT32M21S,0,32,21,1941
8bTQMDM4qvY,"Spot The Fake Animal For $10,000",2024-07-19T16:00:00Z,PT40S,0,0,40,40
DBw0oD38z0Q,This Game Is Wild,2024-07-17T16:00:00Z,PT21S,0,0,21,21
4SNThp0YiU4,"50 YouTubers Fight For $1,000,000",2024-07-13T16:00:01Z,PT41M27S,0,41,27,2487
XhuisK0bTSA,Pass The Phone To‚Ä¶,2024-07-11T17:00:01Z,PT1M,0,1,0,60
lkCRPp7cnP8,How Many Balloons Does It Take To Fly?,2024-07-10T17:00:00Z,PT18S,0,0,18,18
KkCXLABwHP0,I Built 100 Houses And Gave Them Away!,2024-06-29T16:00:00Z,PT9M36S,0,9,36,576
PWirijQkH4M,World‚Äôs Deadliest Obstacle Course!,2024-06-15T16:00:01Z,PT28M25S,0,28,25,1705
U_LlX4t0A9I,"$10,000 Every Day You Survive In The Wilderness",2024-06-01T16:00:00Z,PT26M10S,0,26,10,1570
T8I165Qxeo8,Sprinting with More and More Money,2024-05-30T16:00:01Z,PT29S,0,0,29,29
i-9V21MqlhY,Giving 1000 Phones Away,2024-05-28T16:00:00Z,PT18S,0,0,18,18
YyNz4--6fro,World‚Äôs Smartest Dog,2024-05-16T16:00:00Z,PT12S,0,0,12,12
f0cXJ6mJxGc,Bottle Head Smashing World Record Attempt!,2024-05-14T16:00:00Z,PT38S,0,0,38,38
F6PqxbvOCUI,"Protect The Yacht, Keep It!",2024-05-11T16:00:00Z,PT15M8S,0,15,8,908
oA4LSZvX4iE,Ages 1-100 Try My Chocolate,2024-05-09T16:00:00Z,PT39S,0,0,39,39
ZKxnjszkZto,"Spot The Hidden People For $10,000",2024-05-08T16:00:01Z,PT35S,0,0,35,35
8_gdcaX9Xqk,"Would You Split Or Steal $250,000?",2024-05-03T16:00:00Z,PT1M,0,1,0,60
snUyLbGx6U4,"Buy Feastables, Win Unlimited Money",2024-04-30T16:00:00Z,PT51S,0,0,51,51
Pv0iVoSZzN8,In 10 Minutes This Room Will Explode!,2024-04-27T16:00:00Z,PT10M,0,10,0,600
CWbV3NItSdY,The World's Fastest Cleaners,2024-04-25T16:00:03Z,PT35S,0,0,35,35
l-nMKJ5J3Uc,"Ages 1 - 100 Decide Who Wins $250,000",2024-04-20T15:59:59Z,PT40M2S,0,40,2,2402
XE1Qyss8GIY,"Guess The Gift, Keep It",2024-04-09T17:00:00Z,PT46S,0,0,46,46
6GzHPS0rEgc,"I‚Äôm Giving My 250M Subscriber $25,000",2024-04-06T19:45:00Z,PT21S,0,0,21,21
imhY0pe-Sd8,"Anything You Touch, You Keep!",2024-04-02T16:00:03Z,PT48S,0,0,48,48
erLbbextvlY,7 Days Stranded On An Island,2024-03-30T16:00:01Z,PT22M26S,0,22,26,1346
OnTTThIzuNU,"Keep Track Of Car, Win $10,000",2024-03-19T16:00:00Z,PT51S,0,0,51,51
mKdjycj-7eE,"Stop This Train, Win a Lamborghini",2024-03-16T16:00:00Z,PT19M1S,0,19,1,1141
tWYsfOSY9vY,I Survived 7 Days In An Abandoned City,2024-03-02T17:00:00Z,PT17M24S,0,17,24,1044
sH48lKbayNU,Unboxing My 200M Subscriber Play Button,2024-02-29T17:00:00Z,PT46S,0,0,46,46
AFXoSFNMwIA,I Filled Chandler‚Äôs Car With Feastables,2024-02-27T18:00:01Z,PT38S,0,0,38,38
k194wHZHjB0,Most Expensive Hand Model Holds Feastables,2024-02-24T18:00:09Z,PT22S,0,0,22,22
AjwAdtlRKf8,"Buy Feastables, Win $10,000",2024-02-17T19:00:01Z,PT41S,0,0,41,41
KOEfDvr4DcQ,"Face Your Biggest Fear To Win $800,000",2024-02-10T17:00:00Z,PT22M3S,0,22,3,1323
krsBRQbOPQ4,"$1 vs $250,000,000 Private Island!",2024-01-27T17:00:00Z,PT16M59S,0,16,59,1019
7ESeQBeikKs,"Protect $500,000 Keep It!",2024-01-13T17:00:00Z,PT15M34S,0,15,34,934
K_CbgLpvH9E,I Spent 7 Days In Solitary Confinement,2023-12-30T17:00:03Z,PT20M16S,0,20,16,1216
lOKASgtr6kU,I Adopted 100 Dogs!,2023-12-23T17:00:00Z,PT15M3S,0,15,3,903
9RhWXPcKBI8,"Survive 100 Days Trapped, Win $500,000",2023-12-16T17:00:01Z,PT27M8S,0,27,8,1628
ZVt9ZJfWV1c,"Feeding A Dog $1 vs $10,000 Steak",2023-12-14T18:00:00Z,PT27S,0,0,27,27
rWBOITBjitE,Could You Walk Up A Skyscraper?,2023-12-05T18:00:00Z,PT50S,0,0,50,50
tnTPaLOaHz8,"$10,000 Every Day You Survive In A Grocery Store",2023-12-02T17:00:00Z,PT21M32S,0,21,32,1292
Wdjh81uH6FU,"$1 vs $10,000,000 Job!",2023-11-25T17:00:00Z,PT15M39S,0,15,39,939
7dYTw-jAYkY,I Spent 7 Days Buried Alive,2023-11-18T17:00:01Z,PT18M34S,0,18,34,1114
AjZDwxt7S8w,I Gave Away A House On Halloween,2023-11-10T18:00:00Z,PT48S,0,0,48,48
aZnqqXaT02g,Giving Car Keys Instead Of Candy On Halloween,2023-11-09T18:00:00Z,PT32S,0,0,32,32
mwKJfNYwvm8,I Built 100 Wells In Africa,2023-11-04T16:00:00Z,PT10M30S,0,10,30,630
l9_8_pDTmis,"Furthest Away From Me Wins $10,000",2023-11-02T17:00:03Z,PT48S,0,0,48,48
n7x4Jj9pdH8,World‚Äôs Most Expensive Bed,2023-10-31T17:00:01Z,PT48S,0,0,48,48
QjvpjXdgugA,"10 People Vs World's Deadliest Laser Maze for $250,000",2023-10-28T15:59:59Z,PT25M59S,0,25,59,1559
jGAJCAuV3pQ,World‚Äôs Most Expensive Coffee,2023-10-19T17:00:03Z,PT33S,0,0,33,33
c0v8OPItCOg,"$100,000,000 Bathroom",2023-10-17T17:00:00Z,PT50S,0,0,50,50
3ryID_SwU5E,"$1 vs $100,000,000 House!",2023-10-14T16:00:00Z,PT17M3S,0,17,3,1023
IemzxkkzI5s,I Tipped A Pizza Delivery Driver A Car,2023-10-12T17:30:03Z,PT52S,0,0,52,52
3OFj6l2tQ9s,World's Most Dangerous Trap!,2023-10-07T16:00:00Z,PT19M34S,0,19,34,1174
bvlFjrcpD6s,I NEED 1 MORE ùó¶ùó®ùóïùó¶ùóñùó•ùóúùóïùóòùó•,2023-10-05T17:00:01Z,PT23S,0,0,23,23
AZlBZuS4hr0,"Guess The Gift, Keep It",2023-10-03T17:00:00Z,PT45S,0,0,45,45
Gx6VeIIbWwM,"Spot The Hidden People For $10,000",2023-09-28T17:00:01Z,PT35S,0,0,35,35
CAOY8EKH1qU,I Paid A Random Student‚Äôs College Tuition,2023-09-26T16:59:59Z,PT37S,0,0,37,37
IQxea9UB1nQ,"$100,000,000 Car Doors",2023-09-19T17:00:00Z,PT29S,0,0,29,29
KrLj6nc516A,"$1 vs $100,000,000 Car!",2023-09-16T16:00:01Z,PT16M28S,0,16,28,988
zgLhCT7aFCA,Extreme Home Makeover!,2023-09-12T17:00:00Z,PT57S,0,0,57,57
L5kIXRdwGAI,Katana Vs Bullet,2023-09-07T17:00:01Z,PT41S,0,0,41,41
19NmWqv4Alk,How Many School Buses Can We Stack?,2023-09-05T16:59:57Z,PT45S,0,0,45,45
vBpQ1SlfVtU,Lamborghini Vs World's Largest Shredder,2023-09-02T16:00:00Z,PT14M59S,0,14,59,899
SGzWIoLAzmY,"Feeding A Cat $10 Vs $10,000 Sushi",2023-08-31T17:00:00Z,PT31S,0,0,31,31
NnNZLCl78Ao,"Make This Kick, Win Super Bowl Tickets",2023-08-25T16:00:25Z,PT52S,0,0,52,52
NTZhwAldqwg,Metal Pipe Vs School Bus,2023-08-22T17:00:00Z,PT28S,0,0,28,28
J_z-W4UVHkw,"Every Country On Earth Fights For $250,000!",2023-08-19T16:00:01Z,PT18M13S,0,18,13,1093
mKIhHNznt4s,Can You Beat A Girl In Arm Wrestling?,2023-08-17T17:00:00Z,PT52S,0,0,52,52
jObOjhUkf50,"$1 vs $250,000 Vacation!",2023-08-12T15:59:59Z,PT15M58S,0,15,58,958
O3YVBJ2n5xg,I Ate The World‚Äôs Most Poisonous Fish,2023-08-08T17:30:01Z,PT32S,0,0,32,32
yhB3BgJyGl8,7 Days Stranded At Sea,2023-08-05T16:00:01Z,PT18M5S,0,18,5,1085
CP82DAKzL1U,I Traded My Car At a Red Light,2023-07-15T17:00:01Z,PT47S,0,0,47,47
fuhE6PYnRMc,Train Vs Giant Pit,2023-07-08T16:00:00Z,PT10M36S,0,10,36,636
stUofW3whpE,I Buried Treasure in the Bermuda Triangle,2023-07-06T17:00:01Z,PT53S,0,0,53,53
48h57PspBec,"$1 vs $1,000,000,000 Yacht!",2023-06-10T16:00:00Z,PT14M47S,0,14,47,887
ooAwCOP67GQ,Do Pawnshops Scam You?,2023-06-03T16:59:57Z,PT33S,0,0,33,33
FM7Z-Xq8Drc,"Ages 1 - 100 Fight For $500,000",2023-05-27T21:14:59Z,PT25M36S,0,25,36,1536
ykRq_rp7NhM,I Got Naruto to Subscribe to Me,2023-05-20T20:00:00Z,PT20S,0,0,20,20
WTOm65IZneg,"1,000 Deaf People Hear For The First Time",2023-05-06T19:59:59Z,PT6M14S,0,6,14,374
8kggT2ej-lo,Would You Pet a Cheetah in Africa?,2023-05-01T20:00:02Z,PT39S,0,0,39,39
GGBy50KtvRk,Tipping A Waitress A Car,2023-04-22T20:00:00Z,PT38S,0,0,38,38
Y4-gFIfGXiQ,Would you go on a Blind Date in Italy?,2023-04-15T20:00:01Z,PT51S,0,0,51,51
1WEAJ-DFkHE,World's Most Expensive Flights!,2023-04-01T20:00:04Z,PT12M20S,0,12,20,740
Y0cBiGUuB1Y,I Sent a Subscriber to Disneyland,2023-03-30T20:00:00Z,PT27S,0,0,27,27
YLt73w6criQ,I Paid A Real Assassin To Try To Kill Me,2023-03-18T20:00:01Z,PT12M17S,0,12,17,737
NPYPXWJBTWM,"$10,000 Girl Scout Cookies",2023-03-11T17:00:47Z,PT23S,0,0,23,23
lglIQkCHO0g,Do Men Lie About Their Height?,2023-02-14T21:00:14Z,PT47S,0,0,47,47
TJ2ifmkGGus,"1,000 Blind People See For The First Time",2023-01-28T21:00:00Z,PT8M1S,0,8,1,481
7IKab3HcfFk,I Survived 50 Hours In Antarctica,2022-12-24T20:59:59Z,PT12M10S,0,12,10,730
h5NvTTOlOtI,Hydraulic Press Vs Lamborghini,2022-12-10T21:00:01Z,PT10M25S,0,10,25,625
se50viFJ0AQ,Would You Fly To Paris For A Baguette?,2022-12-08T20:12:27Z,PT48S,0,0,48,48
0CTp1a-aCUM,"100 Kids Fight Parents For $500,000",2022-12-03T21:00:00Z,PT15M23S,0,15,23,923
FD-0KG-h2-c,Gordon Ramsay Tries Most Expensive Chocolate Bar!,2022-11-19T20:59:59Z,PT40S,0,0,40,40
kX3nB4PpJko,11 YouTubers Fight For Private Jet!,2022-11-12T21:00:00Z,PT15M37S,0,15,37,937
YlvcFJOE-OE,Giving iPhones Instead Of Candy on Halloween,2022-11-02T21:00:01Z,PT40S,0,0,40,40
iogcY_4xGjo,"$1 vs $1,000,000 Hotel Room!",2022-10-22T21:00:00Z,PT15M41S,0,15,41,941
S_CUEOBZ0P4,"The Rock Vs MrBeast For $100,000",2022-10-21T20:00:06Z,PT55S,0,0,55,55
gHzuabZUd6c,"Survive 100 Days In Circle, Win $500,000",2022-09-24T19:59:59Z,PT17M10S,0,17,10,1030
65fN_OUawjk,I Hunted 100 People!,2022-09-03T19:59:59Z,PT12M3S,0,12,3,723
jdMNoQE3mIQ,Can I Survive A Plane Crash?,2022-08-20T20:00:00Z,PT8M14S,0,8,14,494
2isYuQZMbdU,100 People Fight For A Private Island,2022-08-04T19:59:59Z,PT15M31S,0,15,31,931
tVWWp1PqDus,"100 Boys Vs 100 Girls For $500,000",2022-07-23T20:00:09Z,PT16M53S,0,16,53,1013
vaIgyRoUkQI,I Didn‚Äôt Eat Food For 30 Days,2022-07-02T20:00:02Z,PT13M4S,0,13,4,784
Hwybp38GnZw,I Built Willy Wonka's Chocolate Factory!,2022-06-04T20:00:02Z,PT16M11S,0,16,11,971
hD1YtmKXNb4,"$10,000 Every Day You Survive Prison",2022-04-09T20:00:00Z,PT13M59S,0,13,59,839
LnlKwzc_TNA,"Would You Swim With Sharks For $100,000?",2022-03-19T20:02:32Z,PT9M1S,0,9,1,541
3jS_yEK8qVI,World‚Äôs Most Dangerous Escape Room!,2022-01-29T21:00:01Z,PT8M1S,0,8,1,481
00NgUctWoLQ,"Extreme $1,000,000 Hide And Seek",2021-12-18T21:00:00Z,PT12M9S,0,12,9,729
x9TQ6culXIA,"World's Biggest YouTubers Fight for $1,000,000",2021-12-16T21:00:00Z,PT12M5S,0,12,5,725
QbJJwaVdgIs,I Got Hunted By The Military,2021-12-10T21:30:02Z,PT10M27S,0,10,27,627
0e3GPea1Tyg,"$456,000 Squid Game In Real Life!",2021-11-24T21:00:01Z,PT25M42S,0,25,42,1542
cV2gBU6hKfY,I Cleaned The World‚Äôs Dirtiest Beach #TeamSeas,2021-10-29T19:59:43Z,PT4M55S,0,4,55,295
qIsgdOVGA04,"Last To Take Hand Off Lamborghini, Keeps It",2021-10-23T20:00:01Z,PT15M8S,0,15,8,908
cExLQ1o2pDw,"First To Rob Bank Wins $100,000",2021-09-26T20:00:06Z,PT8M2S,0,8,2,482
uocETPj4Jx4,"Extreme $500,000 Game Of Tag!",2021-09-04T20:00:07Z,PT12M33S,0,12,33,753
zxYjTTXc-J8,"Last To Leave Circle Wins $500,000",2021-08-31T20:01:03Z,PT17M44S,0,17,44,1064
hxwpkM5w3Cc,I Got Hunted By The FBI,2021-08-07T23:00:03Z,PT15M51S,0,15,51,951
ktyJIj6i4Qw,"If You Can Carry $1,000,000 You Keep It!",2021-07-24T20:00:59Z,PT10M7S,0,10,7,607
urtFrxDUV6c,"Would You Quit School For $100,000?",2021-07-10T20:00:09Z,PT10M12S,0,10,12,612
nM89Wl03Q4g,I Survived 50 Hours In A Maximum Security Prison,2021-06-26T20:00:02Z,PT12M34S,0,12,34,754
NZlClr_ivb4,"Hit The Target, Win $300,000",2021-06-12T20:00:01Z,PT13M17S,0,13,17,797
E6E22XQPhhg,Anything You Can Fit In The Triangle I‚Äôll Pay For,2021-06-01T20:00:02Z,PT16M8S,0,16,8,968
TQHEJj68Jew,I Got Hunted By A Real Bounty Hunter,2021-04-24T20:00:00Z,PT13M28S,0,13,28,808
WcwGleN38zE,"Extreme $100,000 Game of Tag!",2021-04-17T20:00:00Z,PT16M39S,0,16,39,999
fMfipiV_17o,"Would You Sit In Snakes For $10,000?",2021-04-10T21:00:07Z,PT14M7S,0,14,7,847
ayXxwJJId_c,"I Bought The World's Largest Mystery Box! ($500,000)",2021-04-03T20:00:01Z,PT10M50S,0,10,50,650
9bqk6ZUsKyA,I Spent 50 Hours Buried Alive,2021-03-27T20:00:04Z,PT12M40S,0,12,40,760
DuQbOQwVaNE,"Offering People $100,000 To Quit Their Job",2021-03-13T21:00:02Z,PT10M27S,0,10,27,627
vJH28ICkCdU,I Sold My House For $1,2021-03-06T21:00:02Z,PT9M20S,0,9,20,560
_uwNDiU04zE,"I Donated $300,000 To People In Need",2021-02-13T21:00:01Z,PT10M54S,0,10,54,654
C680oxL__ck,"I Ate $100,000 Golden Ice Cream",2021-01-22T21:00:03Z,PT13M17S,0,13,17,797
5Fg9oZk-5uA,I Bought Everything In 5 Stores,2021-01-09T21:01:25Z,PT13M50S,0,13,50,830
PKtnafFtfEo,YOUTUBE REWIND: 2020,2021-01-01T21:00:03Z,PT6M31S,0,6,31,391
f0c7pSCoZqE,"I Put 1,000,000,000 Christmas Lights On A House (World Record)",2020-12-23T21:00:06Z,PT11M22S,0,11,22,682
dg2Ag3e8W-Q,I Opened A Restaurant That Pays You To Eat At It,2020-12-19T22:00:03Z,PT9M32S,0,9,32,572
LeYsRMZFUq0,"I Gave People $1,000,000 But ONLY 1 Minute To Spend It!",2020-12-15T21:00:11Z,PT14M18S,0,14,18,858
Dc2ZRmuH5OM,"Steal This $100,000 Diamond, You Keep It",2020-11-28T21:00:04Z,PT14M3S,0,14,3,843
GLoeAJUcz38,"Press This Button To Win $100,000!",2020-11-14T21:00:02Z,PT15M11S,0,15,11,911
SZQhgExjBvQ,I Survived 24 Hours Straight In Ice,2020-10-29T20:17:44Z,PT11M34S,0,11,34,694
IoZri9hq7z4,I Uber‚Äôd People And Let Them Keep The Car,2020-10-24T20:00:01Z,PT14M11S,0,14,11,851
vp5sSqyZ5Go,I Filled My Brother‚Äôs House With Slime & Bought Him A New One,2020-10-10T20:00:31Z,PT9M25S,0,9,25,565
AKJfakEsgy0,Hi Me In 5 Years,2020-10-04T20:00:54Z,PT2M8S,0,2,8,128
Vl3swga-Xrk,"Would You Rather Have A Giant Diamond or $100,000?",2020-09-26T20:40:02Z,PT12M24S,0,12,24,744
UE5AHE2Ypr8,"I Gave My 40,000,000th Subscriber 40 Cars",2020-09-19T20:00:02Z,PT17M11S,0,17,11,1031
TDiXxsQ0w2Q,Why I Haven‚Äôt Been Uploading,2020-09-17T20:00:05Z,PT5M54S,0,5,54,354
oD155zWANQg,"Get This Random Person 1,000,000 Subscribers",2020-09-05T20:00:17Z,PT14M5S,0,14,5,845
s1ax8Tx_Jz0,Would YOU Rather Have A Lamborghini or This House?,2020-08-22T20:00:01Z,PT18M26S,0,18,26,1106
NkE0AMGzpJY,"Last To Leave $800,000 Island Keeps It",2020-08-15T20:00:02Z,PT21M15S,0,21,15,1275
FbM1yi4mMMc,I Bought A Private Island,2020-08-13T20:00:07Z,PT11M37S,0,11,37,697
5V2B28OqfqM,"I Spent $1,000,000 On Lottery Tickets and WON",2020-08-08T20:00:02Z,PT10M13S,0,10,13,613
Rj_vssRaZlQ,I Ate The World‚Äôs Largest Slice Of Pizza,2020-08-01T20:00:02Z,PT8M3S,0,8,3,483
YQDDm9HLkV4,I Adopted EVERY Dog In A Dog Shelter,2020-07-23T20:00:11Z,PT16M4S,0,16,4,964
erQ_9yEz0ls,"$1 vs $100,000 Firework!",2020-07-03T21:00:20Z,PT11M9S,0,11,9,669
OAbP-V6fEVc,I Broke Into A House,2020-06-25T20:00:00Z,PT14M2S,0,14,2,842
_qAJMXfL6o0,"Would You Rather Have $100,000 OR This Mystery Key?",2020-06-13T20:00:01Z,PT17M55S,0,17,55,1075
59AYXzCa-Cs,I Built The World's Largest Lego Tower,2020-06-06T20:00:01Z,PT13M56S,0,13,56,836
r7zJ8srwwjk,I Spent 50 Hours In Solitary Confinement,2020-05-30T20:10:08Z,PT15M52S,0,15,52,952
YSoJPA8-oHc,If You Click This Video I'll Give My Friend .001$,2020-05-23T21:01:02Z,PT17M21S,0,17,21,1041
5Hg_QSIJm8I,"I Gave $200,000 To People Who Lost Their Jobs (Corona Virus)",2020-05-07T19:59:59Z,PT15M19S,0,15,19,919
gsWPpE4Rid0,Videos I Could Not Upload...,2020-04-30T20:00:08Z,PT13M32S,0,13,32,812
HBMmK1c44sE,I Spent 24 Hours In A Doomsday Bunker,2020-04-11T20:00:00Z,PT11M59S,0,11,59,719
oBYbxw8f5OI,"Giving $1,000,000 Of Food To People In Need",2020-03-27T20:00:05Z,PT12M29S,0,12,29,749
AiGKBNGlzHo,I Ran A Marathon In The World's Largest Shoes,2020-03-21T20:00:02Z,PT13M49S,0,13,49,829
_mdKvblL_8s,"$70,000 Extreme Hide And Seek - Challenge",2020-03-13T20:00:04Z,PT17M21S,0,17,21,1041
yXWw0_UfSFg,Anything You Can Fit In The Circle I‚Äôll Pay For,2020-03-07T21:00:00Z,PT19M43S,0,19,43,1183
F4Y3Pkn95GI,"I Ate A $70,000 Golden Pizza",2020-02-29T21:00:22Z,PT12M36S,0,12,36,756
KSKJKLmAqpI,"Lambo Race, Winner Keeps Lambo",2020-02-08T21:00:02Z,PT14M48S,0,14,48,888
IYVjOfoU3uI,I Gave My Credit Card To Random People,2020-02-01T21:00:01Z,PT16M48S,0,16,48,1008
oI6aXhowFDY,"Get Every Boy Scout Badge, Win $10,000",2020-01-25T21:00:01Z,PT13M38S,0,13,38,818
LdMx2U5tby0,"$60,000 Extreme Hide And Seek - Challenge",2020-01-17T21:00:01Z,PT17M59S,0,17,59,1079
fY-LA3YaZ_M,"How I Gained 15,000,000 Subscribers In 1 Year",2020-01-03T21:10:01Z,PT6M34S,0,6,34,394
0hVZOJCYBBM,Important Youtube Announcement (please watch),2019-12-28T21:00:06Z,PT2M35S,0,2,35,155
Z9WQy9jEY8M,"Giving 10,000 Presents To Kids For Christmas",2019-12-23T21:00:04Z,PT13M48S,0,13,48,828
bs0SWXbty18,"Spending $1,000,000 In 24 Hours",2019-12-21T21:00:01Z,PT15M10S,0,15,10,910
yeqARWqjkps,"Last To Take Hand Off $1,000,000 Keeps It",2019-12-19T21:00:12Z,PT15M17S,0,15,17,917
wMuYiLby3-s,"Last To Stop Riding Bike Wins $1,000,000 (Part 4)",2019-12-14T20:59:57Z,PT11M45S,0,11,45,705
NbaWrbJDr48,"Last To Leave Toilet Wins $1,000,000 (Part 3)",2019-12-07T21:11:07Z,PT15M46S,0,15,46,946
sfv1QaRzJg8,I Ordered Pizza And Tipped The House,2019-12-05T21:00:02Z,PT12M50S,0,12,50,770
RwnN2FVaHmw,"Last to Stop Swinging Wins $1,000,000 (Part 2)",2019-11-30T21:00:03Z,PT13M3S,0,13,3,783
X1jMMFOqxEw,"$50,000 Game Of Extreme Hide And Seek - Challenge",2019-11-28T21:00:01Z,PT13M48S,0,13,48,828
ORUX1lHbOa8,I Opened A FREE BANK,2019-11-23T21:00:17Z,PT10M52S,0,10,52,652
LU_xVr4b2qM,"Going Around A Ferris Wheel 1,000 Times Straight",2019-11-16T21:00:47Z,PT12M56S,0,12,56,776
tQ4m4zD7BBA,"Last To Fall Wins $1,000,000 (Part 1)",2019-11-14T21:00:31Z,PT16M57S,0,16,57,1017
D9lVNzyhYnc,Surviving 24 Hours Straight In The Bermuda Triangle,2019-11-09T21:00:55Z,PT11M41S,0,11,41,701
jokVbbLqV_E,"I Spent $100,000 On Lottery Tickets And Won!",2019-10-31T20:00:02Z,PT15M10S,0,15,10,910
HPJKxAhLw5I,"Planting 20,000,000 Trees, My Biggest Project Ever!",2019-10-25T19:01:01Z,PT7M23S,0,7,23,443
Ims5p6wjW9s,"Last To Take Hand Off Boat, Keeps It",2019-10-19T20:06:01Z,PT16M48S,0,16,48,1008
anFxsa5jXrE,"I Searched 100 Dumpsters, Here's What I Found",2019-10-12T20:10:01Z,PT17M9S,0,17,9,1029
QxGVgXf_LNk,"Going Through The Same Drive Thru 1,000 Times",2019-10-05T20:00:08Z,PT15M38S,0,15,38,938
al6130OD1Ck,"Donating $100,000 To Random Streamers",2019-09-28T20:29:58Z,PT14M46S,0,14,46,886
d1010B3sKNQ,Surviving 24 Hours Straight In A Rain Forest,2019-09-21T21:00:00Z,PT13M9S,0,13,9,789
NS3hse9ezik,"Last To Leave Ramen Noodle Pool Wins $20,000",2019-09-13T20:00:05Z,PT14M32S,0,14,32,872
npDey6_9YRs,"Anything You Can Carry, I'll Pay For #2",2019-09-06T20:00:00Z,PT13M59S,0,13,59,839
0NGWT9COcEI,"I Gave My Brother 24 Hours To Spend $100,000",2019-08-31T20:00:01Z,PT13M8S,0,13,8,788
3LLnjRLrvLU,I Opened A Free Car Dealership,2019-08-29T20:00:00Z,PT15M20S,0,15,20,920
bTrV5v7GLcQ,"Last To Leave Pool Of $20,000 Keeps It",2019-08-24T20:00:01Z,PT16M39S,0,16,39,999
lBYC4_Lccjw,Surviving 24 Hours On A Deserted Island,2019-08-22T20:00:07Z,PT13M52S,0,13,52,832
gL6iSCSHjco,"Last To Leave Roller Coaster Wins $20,000 - Challenge",2019-08-17T20:00:00Z,PT15M7S,0,15,7,907
UQtltNZ_pjs,I Won Every Prize At A Theme Park,2019-08-15T19:59:59Z,PT13M22S,0,13,22,802
0DaMUhgcAqo,Destroying My Friend's Car And Surprising Him With A New One,2019-08-10T20:00:00Z,PT14M43S,0,14,43,883
TOcGSwJBPMQ,I Spent 24 Hours Straight At Area 51,2019-08-02T21:00:01Z,PT15M15S,0,15,15,915
ws694xrKopA,"Can 50,000 Magnets Catch A Cannon Ball?",2019-07-20T20:00:02Z,PT9M29S,0,9,29,569
UtnsWzaoRtg,World's Largest Game Of Dodgeball,2019-07-12T20:05:00Z,PT11M17S,0,11,17,677
6wsFjjhZPJI,"Last To Leave Revolving Door Wins $50,000",2019-07-02T20:00:01Z,PT13M44S,0,13,44,824
Rmf6T_Ewt38,Tipping Waitresses With Real Gold Bars,2019-06-21T20:00:01Z,PT12M7S,0,12,7,727
n6qc4LHN2KQ,I Opened The World's First FREE Store,2019-06-15T20:00:00Z,PT14M51S,0,14,51,891
2eFSU7TFOnk,Spending 24 Hours On Top Of A Mountain,2019-06-13T20:00:01Z,PT15M24S,0,15,24,924
RCvnytndd9c,"Last To Leave VR Wins $20,000",2019-06-08T20:00:01Z,PT14M18S,0,14,18,858
AA-VpIj8F5Y,"Last To Stop Running Wins $20,000",2019-06-06T20:00:00Z,PT14M58S,0,14,58,898
fWcSBWadolA,"Paying People $10,000 To Eat Ghost Pepper",2019-06-01T20:05:01Z,PT14M46S,0,14,46,886
YyhKdOCwD7s,24 Hours In The Most Haunted Place On Earth,2019-05-30T20:07:01Z,PT15M7S,0,15,7,907
ha4tRQwKIUg,I Bought Everything In A Store - Challenge,2019-05-18T20:05:02Z,PT16M56S,0,16,56,1016
xRwy_rKc7gI,"Last To Leave World's Largest Bowl Of Cereal Wins $10,000",2019-05-15T21:05:01Z,PT15M42S,0,15,42,942
H1WBdh56Vq4,Spending 24 Hours In A City With No Laws,2019-05-07T21:00:01Z,PT14M29S,0,14,29,869
xhIYirjB4Yc,"Giving $10,000 To Random People And Saying Nothing",2019-04-30T20:00:06Z,PT15M59S,0,15,59,959
HfJMs4mrSJM,Molten Lava Vs Giant Ice Block Experiment,2019-04-27T20:00:02Z,PT7M38S,0,7,38,458
tYHTVjfShOA,"Anything You Can Carry, I'll Pay For Challenge",2019-04-20T20:00:03Z,PT15M9S,0,15,9,909
JTQcIR2ZxU4,Homeless Man Buys A Lamborghini,2019-04-18T20:05:00Z,PT14M20S,0,14,20,860
xpNeg0hPZIs,Playing Battleship With Real Ships,2019-04-06T20:05:58Z,PT15M32S,0,15,32,932
9yrdFAJUSaU,"Donating $100,000 To Shroud In Real Life",2019-04-04T21:05:59Z,PT14M14S,0,14,14,854
i2O6GMpNWGo,"Last To Leave The Tesla, Keeps It Challenge",2019-03-29T21:05:00Z,PT18M29S,0,18,29,1109
Y6jC6VaO3j0,"Donating $100,000 To Streamers With 0 Viewers",2019-03-24T20:00:04Z,PT14M37S,0,14,37,877
Ooke4YZv8Ts,Surviving 24 Hours Straight In A Desert,2019-03-16T20:05:00Z,PT14M4S,0,14,4,844
ZV7rU6lnAKQ,"$200,000 Youtuber Battle Royale",2019-03-12T22:00:00Z,PT13M36S,0,13,36,816
iUzi5JmJNWc,Surprising Strangers With 100 Zombies - Experiment,2019-03-03T22:04:59Z,PT9M49S,0,9,49,589
9cCpZl8euLI,I Gave A Homeless Man A Home,2019-02-28T22:06:00Z,PT12M57S,0,12,57,777
I046_n20d3s,Standing Still For 24 Hours Straight - Statue Challenge,2019-02-22T22:05:59Z,PT18M16S,0,18,16,1096
2nd73lyvq4w,Giant Monopoly Game With Real Money,2019-02-15T22:05:00Z,PT14M55S,0,14,55,895
nuM0Z4a7kMs,I Spent 24 Hours Straight In Insane Asylum,2019-02-10T21:05:00Z,PT15M56S,0,15,56,956
qPBtTPJHS0Q,I Advertised Pewdiepie At The Super Bowl,2019-02-04T22:00:01Z,PT12M45S,0,12,45,765
A-vX1AGBGsc,"Pass All 12 Grades, Win $10,000",2019-01-31T22:05:00Z,PT17M31S,0,17,31,1051
IiW2smvEcBM,I Opened The World‚Äôs Cheapest Store,2019-01-26T21:05:00Z,PT15M19S,0,15,19,919
q6Qw8mUVTrE,I Put 10 Million Legos in Friend's House,2019-01-18T22:04:59Z,PT15M17S,0,15,17,917
dBxOYE2j55U,Make This Video The Most Liked Video On Youtube,2019-01-16T22:05:01Z,PT13M11S,0,13,11,791
984NGLLYDUg,"20,000 Magnets Vs A Car",2019-01-14T22:05:00Z,PT12M3S,0,12,3,723
7zi0bi-RDj4,"Eating A $10,000 Golden Steak (24k Gold)",2019-01-11T22:05:00Z,PT16M30S,0,16,30,990
XaxhLbxZ13k,Last To Take Hand Off House Keeps It!,2019-01-08T21:05:00Z,PT17M30S,0,17,30,1050
L8nh1wuXTbI,"I Gave Him One Hour To Spend $100,000!",2019-01-01T21:05:01Z,PT13M45S,0,13,45,825
9-HphHIJS9c,"How I Gave Away $1,000,000",2018-12-25T21:05:01Z,PT15M14S,0,15,14,914
rPXmbM2UEbU,"Giving $100,000 To A Homeless Person",2018-12-23T21:00:01Z,PT14M44S,0,14,44,884
sESRuTyfsEk,I Spent 24 Hours Straight In Prison - Challenge,2018-12-19T21:05:02Z,PT13M1S,0,13,1,781
QapO3maXd9k,Donating $10000 To Pewdiepie,2018-12-16T21:05:02Z,PT15M15S,0,15,15,915
71VpdDb8e6U,"Last Youtuber To Leave Wins $100,000 - Challenge",2018-12-12T21:00:02Z,PT24M39S,0,24,39,1479
Su34c5Z8DW4,I Put Millions Of Pennies In My Friends Backyard,2018-12-08T21:05:02Z,PT14M41S,0,14,41,881
e5DqdX-7_g4,Surprising TFue With A Fortnite Battle Bus In Real Life,2018-12-07T22:11:00Z,PT14M25S,0,14,25,865
9vB-48kHbBU,I Built A Giant House Using Only Legos,2018-12-02T20:05:01Z,PT13M49S,0,13,49,829
3ix_gbcubTo,"Last To Leave Slime Pit Wins $20,000 - Challenge",2018-11-30T21:11:01Z,PT17M50S,0,17,50,1070
mGIpOtncmSM,"Saying Pewdiepie 100,000 Times",2018-11-25T21:07:01Z,PT11H48M40S,11,48,40,42520
VqnQ-0q2gb4,Destroyed Friend's House And Bought Him A New One,2018-11-24T21:06:01Z,PT14M38S,0,14,38,878
3TflpIllQHY,I Put 100 Million Orbeez In My Friend's Backyard,2018-11-22T21:08:01Z,PT14M45S,0,14,45,885
1SwVSTKFCsc,"Spending $40,000 In One Hour Challenge",2018-11-17T21:06:02Z,PT14M3S,0,14,3,843
ZPuEUe_8SRM,"Giving My 10,000,000th Subscriber 10,000,000 ___",2018-11-13T21:05:04Z,PT18M19S,0,18,19,1099
gKVZz4kcuns,"$10,000 Games Of Rock Paper Scissors",2018-11-04T21:05:02Z,PT13M7S,0,13,7,787
xBP9EUQIkNs,"You Pick The Right Cup, You Win $100,000!",2018-10-28T20:06:01Z,PT17M35S,0,17,35,1055
qZNxvnQv0h4,I Bought Every Billboard In My City For This,2018-10-26T21:06:02Z,PT15M31S,0,15,31,931
uE6gud1voDs,"Ordering Water Then Tipping $30,000",2018-10-23T20:11:02Z,PT11M45S,0,11,45,705
f0M64XpmTz8,"I Spent $50,000 On Lottery Tickets And Won ____",2018-10-19T21:05:02Z,PT16M54S,0,16,54,1014
Gz3yak1cl-8,"Last To Leave Circle Wins $10,000 - Challenge",2018-10-12T22:05:04Z,PT16M36S,0,16,36,996
9GD6hbqu2oM,I Spent 24 Hours Straight In Slime,2018-10-09T20:05:02Z,PT14M38S,0,14,38,878
GUWGsIVEMSQ,"Surprising Tfue With $10,000 Live - Fortnite",2018-10-04T20:07:01Z,PT15M23S,0,15,23,923
wDqJZ_2ZA3A,"I Spent $30,000 On Lottery Tickets And Won ____",2018-09-28T21:05:00Z,PT17M32S,0,17,32,1052
RywkkwO78m8,Flat Earth PROVEN By Independent Research,2018-09-22T20:05:01Z,PT11M52S,0,11,52,712
P4qWhSZ7_WA,Things That SHOULDN'T Be Sold On Amazon,2018-09-21T22:06:01Z,PT14M6S,0,14,6,846
UlUcwJc5nBs,"Surprising My 8,000,000th Subscriber With 8,000,000 ___",2018-09-19T20:05:01Z,PT18M52S,0,18,52,1132
qAW6CE7_bFM,"I Donated $25,000 To Random Kids Streaming Fortnite",2018-09-14T20:09:01Z,PT17M37S,0,17,37,1057
tBEBc4KQVsU,I Hope This Magic Trick Works,2018-09-11T21:13:59Z,PT16M22S,0,16,22,982
q0OK-zHnvnA,Can A Glowing 1000 Degree Sword Slice A Car In Half?,2018-09-06T21:09:00Z,PT9M58S,0,9,58,598
bFZdU9dr4OM,Rocket League In Real Life!,2018-09-01T21:08:58Z,PT12M55S,0,12,55,775
nd-bwvNB7YA,Destroying My Friend's Car And Surprising Him With A New One - Slime,2018-08-28T22:08:59Z,PT16M11S,0,16,11,971
6_im_hGxGRk,Spending 24 Hours Straight Under Water Challenge,2018-08-24T22:09:00Z,PT15M11S,0,15,11,911
b91vrgVY-ZQ,"Attempting The Impossible Maze - $10,000 Challenge",2018-08-15T21:08:59Z,PT19M47S,0,19,47,1187
52ubXjlVzUY,"Donating $100,000 To A Random Fortnite Streamer",2018-08-05T22:00:00Z,PT23M2S,0,23,2,1382
XHb7g6yuGgE,Moving 10 Pounds Using ONLY Sound,2018-08-02T21:09:00Z,PT13M46S,0,13,46,826
rH1D_3G56DY,Returning Destroyed Rental Cars Prank,2018-07-27T21:09:00Z,PT10M30S,0,10,30,630
-0zoWMSEOGg,"I Gave My 6,000,000th Subscriber 6,000,000 ____",2018-07-25T21:11:00Z,PT18M33S,0,18,33,1113
WRzIuC2MKOU,"Can 1,000 Fans At Max Speed Push A Car?",2018-07-17T21:41:02Z,PT11M53S,0,11,53,713
foLlul8Tl3E,"I Donated $50,000 To Ninja - Fortnite",2018-07-14T21:06:00Z,PT21M26S,0,21,26,1286
3iaDrpKdaIc,I Ubered Random People In A Tank,2018-07-11T21:16:00Z,PT10M4S,0,10,4,604
qrIh-ZHN4-E,World's Hottest Substance Vs Coldest Substance,2018-06-30T21:09:00Z,PT11M52S,0,11,52,712
mpZWt5pGKZ8,The Real Way Dinosaurs Went Extinct,2018-06-28T21:12:01Z,PT5M51S,0,5,51,351
vbph9F_pRNI,I Donated $1000 Every Time She Blinked - Fortnite Streamers,2018-06-24T21:10:00Z,PT15M46S,0,15,46,946
wbzD04leeLI,Do Water Repellent Shoes Actually Work?,2018-06-22T22:11:00Z,PT11M38S,0,11,38,698
MC5h-ShR-S8,"We Drove 3,000 Miles For The World's Best Burger",2018-06-09T21:13:59Z,PT13M49S,0,13,49,829
dp8IaLrZpGs,"I Gave My 5,000,000th Subscriber 5,000,000 ______",2018-06-08T22:36:59Z,PT11M31S,0,11,31,691
97Gh93Daio0,I Made Money Grow On Trees,2018-06-01T22:09:00Z,PT10M34S,0,10,34,634
t4OumncEiKo,I Took Apart My Friends Car And Put It In His Room,2018-05-25T22:41:59Z,PT10M16S,0,10,16,616
Ejou8aa5eZk,How Many Rubber Bands Does It Take To Snap A Safe?,2018-05-22T22:14:01Z,PT10M16S,0,10,16,616
ehEuczQUh8E,Pulling Cars Over Using A Toy Police Car,2018-05-13T21:10:01Z,PT13M17S,0,13,17,797
uBC7805Smsg,"I Gave $500,000 To Random People",2018-05-11T22:40:59Z,PT15M3S,0,15,3,903
d8pJkuSp1iI,How Many Toy Cars Does It Take To Pull A Real Car?,2018-05-04T22:08:58Z,PT11M48S,0,11,48,708
dFr5YQaQQdo,"I Gave $20,000 To People From An Ice Cream Truck",2018-05-02T22:11:00Z,PT13M42S,0,13,42,822
xBLxMfO3pDw,$10000 Ice Sculpture Vs Flame,2018-05-01T22:09:00Z,PT15M9S,0,15,9,909
d7QmQtNwhcU,"Can 1,000 Rolls Of Duct Tape Stop A Car??",2018-04-30T22:09:00Z,PT10M23S,0,10,23,623
NZR4WEjpOQg,Winning A Game Of Fortnite In The Middle Of The Ocean,2018-04-25T22:09:02Z,PT9M44S,0,9,44,584
vETSAZgfDP4,I Flew Using Only Balloons AND Leaf Blowers,2018-04-23T22:09:02Z,PT11M18S,0,11,18,678
zE3FLbpu9-Q,"I Donated $40,000 To A Random Twitch Fortnite Streamer (world record)",2018-04-21T21:07:02Z,PT24M43S,0,24,43,1483
Izmibu7dxcs,Destroying My Friend's Car And Surprising Him With A New One,2018-04-13T22:21:00Z,PT15M12S,0,15,12,912
2Pvt8awds44,Walking Up To Random People With 100 StormTroopers,2018-04-11T22:09:01Z,PT10M4S,0,10,4,604
n9BbAfbsyj0,"I Donated $10,000 If They Said This Word (Twitch Streamers)",2018-04-04T22:19:00Z,PT13M5S,0,13,5,785
WZ2rYlVxt4g,"Giving My 4,000,000th Subscriber 4,000,000 Cookies",2018-04-02T22:09:01Z,PT10M41S,0,10,41,641
CWK6an4mYL0,"I Tipped Waitresses $20,000",2018-03-30T21:09:03Z,PT12M24S,0,12,24,744
VwWV4JelEzY,Walking Into Random Stores With 100 Dinosaurs,2018-03-22T22:43:02Z,PT10M12S,0,10,12,612
koRKIlRQj4g,I Built A Mansion Using Only Cardboard Boxes,2018-03-20T22:50:00Z,PT7M8S,0,7,8,428
XKFKPQHdWRI,Breaking Glass Using Only Megaphones,2018-03-17T22:22:47Z,PT9M12S,0,9,12,552
yuGEB4ZZdUQ,Tying My Shoes In Every State (World Record),2018-03-16T22:09:02Z,PT15M10S,0,15,10,910
szt8xabJoSo,"Donating $10,000 To Fortnite Streamers If They Win",2018-03-03T23:21:02Z,PT14M31S,0,14,31,871
Fbl3E_XCQfA,Trying To Fly Using Only Leaf Blowers,2018-03-01T23:09:03Z,PT13M2S,0,13,2,782
Pe3pGsCeYXg,"Giving 3,000,000 Pennies To My 3,000,000th Subscriber",2018-02-22T23:14:03Z,PT10M10S,0,10,10,610
yzGmnjDFuZE,"I Donated $30,000 To My Favorite Twitch Streamer (ninja)",2018-02-21T23:19:01Z,PT11M17S,0,11,17,677
l_huIWJBhJM,I Bought An Expensive Car Using Only $1 Bills,2018-02-13T23:10:01Z,PT10M29S,0,10,29,629
7ALCsEyn3mg,I Bought The World's Most Expensive Apps ($10k),2018-02-08T23:35:00Z,PT10M19S,0,10,19,619
CvMRiR4k49Y,We Delivered 100 Pizzas To Random Houses,2018-02-02T23:12:01Z,PT10M3S,0,10,3,603
g2rbhIB-ITM,"I Donated $30,000 To A Random Twitch Streamer (world record)",2018-01-28T00:11:02Z,PT18M26S,0,18,26,1106
nLpqZEAFnkE,I Bought A Car Using Only Pennies,2018-01-25T23:10:03Z,PT12M8S,0,12,8,728
sirrTXiPFmw,I Bought One Snickers Bar From Every Walmart,2018-01-13T23:15:01Z,PT10M8S,0,10,8,608
nRkwuTOESCc,Donating Big Donations To Twitch Streamers!!!,2018-01-11T22:37:00Z,PT18M38S,0,18,38,1118
AS6WMS_Bemg,I Can't Believe I Found This Stuff On Amazon..,2017-12-22T23:19:10Z,PT7M8S,0,7,8,428
wMn8d7IeCYM,"Saying ""Keep Net Neutrality"" For 10 Hours",2017-12-17T20:37:34Z,PT10H2S,10,0,2,36002
BMZP4CtphaU,Life Hacks You Need To Know,2017-12-08T22:49:10Z,PT6M50S,0,6,50,410
93s1JECSy60,"Giving My Mom $100,000 (Proudest Day Of My Life)",2017-12-02T21:10:08Z,PT11M8S,0,11,8,668
YR6Wh2Zy9jE,"2,256 Miles In One Uber Ride (World Record)",2017-10-28T22:30:00Z,PT10M8S,0,10,8,608
5PCxQSMOl3o,i'm really sorry,2017-10-26T21:30:00Z,PT3M11S,0,3,11,191
5qzAVMe_SnM,Hi Me In Two Years (Made Two Years Ago),2017-10-04T21:30:00Z,PT1M50S,0,1,50,110
zAAXW7ySu1k,"Tipping Uber Drivers $10,000",2017-08-30T22:40:02Z,PT11M14S,0,11,14,674
sx5k8xd_VoU,Going To The Connor McGregor fight!,2017-08-28T20:31:04Z,PT5M42S,0,5,42,342
uotb9ZHnI2g,"Tipping Pizza Delivery Guys $10,000",2017-08-23T21:44:24Z,PT10M27S,0,10,27,627
nPlqRbVFBHI,"Microwaving my iPhone, what happens next might shock you..",2017-08-20T19:37:51Z,PT5M36S,0,5,36,336
_FX6rml2Yjs,"Saying Logan Paul 100,000 Times",2017-08-19T14:00:58Z,PT17H6M7S,17,6,7,61567
kupaqq-xJ_8,"Donating $10,000 To Random Twitch Streamers",2017-08-15T19:20:09Z,PT14M42S,0,14,42,882
4KVmSG6KS2k,"Giving Homeless People $1,000 (Not Clickbait)",2017-06-28T22:00:02Z,PT8M47S,0,8,47,527
Lx9fRu5ehFo,We Are Better Than Dude Perfect,2017-06-24T18:40:12Z,PT2M37S,0,2,37,157
ZJwX2jTXWwQ,Watching It's Everyday Bro For 10 Hours Straight,2017-06-17T21:06:02Z,PT10H11S,10,0,11,36011
N_GMakKf7G4,"Giving A Random Homeless Man $10,000",2017-06-15T23:10:02Z,PT10M2S,0,10,2,602
63gyUQ_JeOE,Toothpaste Life Hacks YOU SHOULD KNOW,2017-06-13T22:30:01Z,PT4M22S,0,4,22,262
IZVbzNRUlQI,"Reading The Longest English Word (190,000 Characters)",2017-06-02T22:00:01Z,PT1H54M49S,1,54,49,6889
8D3vI1615K4,Fidget Spinner Vs Face (Legit Had To Get Stitches),2017-05-02T23:30:00Z,PT7M7S,0,7,7,427
igVcy5dtN80,Grilling A Microwave Microwaving A Microwave Microwaving A Toaster Toasting An Iphone Watching Micro,2017-03-30T22:10:41Z,PT3M8S,0,3,8,188
dEOlvTqYUNo,#1 MOST INSANE MAGNET LIFE HACK EVER,2017-03-24T21:40:17Z,PT5M9S,0,5,9,309
AS5CxLCWq-Q,Watching Dance Till You're Dead For 10 Hours,2017-03-21T22:40:12Z,PT10H1S,10,0,1,36001
jtOalDNVrKM,I Can't Break My Strange Addiction,2017-03-19T21:45:07Z,PT4M45S,0,4,45,285
dDYP56hEYF0,OMG! INSANE CUP FORT,2017-03-14T22:40:01Z,PT4M11S,0,4,11,251
iengNekeTNo,Reading The Youtube Terms Of Service,2017-03-07T23:10:02Z,PT25M57S,0,25,57,1557
rqUvnLPvbrM,Reacting To The Reaction Of The Reaction To The Reaction Of The Reaction Of The Reaction To The Reac,2017-02-22T00:00:04Z,PT33M29S,0,33,29,2009
9CVwXBYVqVk,"Counting To 200,000 (Road To A Mil)",2017-02-18T00:00:03Z,PT23H34M38S,23,34,38,84878
i8pmk5xnO2s,Microwaving Dry Ice (Microwave Explodes),2017-02-09T22:29:35Z,PT5M56S,0,5,56,356
xWcldHxHFpo,"I Counted To 100,000!",2017-01-09T00:00:39Z,PT23H48M7S,23,48,7,85687
YH1-fDzHHpo,we are number one but every one is a bad intro,2016-12-25T00:00:00Z,PT3M41S,0,3,41,221
ntlG5XgYg4k,Microwaving A Microwave Microwaving A Toaster,2016-12-23T00:00:04Z,PT14M17S,0,14,17,857
Qy17S3g8ZuY,HOW TO UNLOCK ANY IPHONE WITHOUT THE PASSCODE,2016-12-21T02:00:00Z,PT8M51S,0,8,51,531
PJyWmlWNor8,WHY DO THEY SELL THIS ON AMAZON?,2016-12-18T02:00:04Z,PT8M31S,0,8,31,511
KzwTYZ2W3ZA,Microwaving A Microwave,2016-12-09T02:45:18Z,PT9M5S,0,9,5,545
9fa_JYTPZ2Y,IF YOU ONLY SEE ORANGE YOU'RE COLOR BLIND,2016-12-05T02:21:43Z,PT3M53S,0,3,53,233
t1BWMa8btIw,I Mailed Myself IN A BOX & it REALLY WORKED! (Human Mail Challenge),2016-11-30T02:31:18Z,PT5M2S,0,5,2,302
2O8wta4FsD4,STUPIDEST PERSN ON EART (Really Dumb),2016-11-28T00:01:52Z,PT4M22S,0,4,22,262
dSDBr0WjrwQ,"Reading The Entire Bee Movie Script But Everytime They Say ""Bee"" I Repeat All the Previous Bees",2016-11-25T01:43:37Z,PT1H30M59S,1,30,59,5459
DbC9CauTXoM,THE WORST THINGS EVER TO EXIST,2016-11-19T00:40:47Z,PT4M40S,0,4,40,280
yhNcDBnQsEY,BLOWING UP $1000 KEYBOARD *RIP WALLET*,2016-11-11T23:02:10Z,PT5M,0,5,0,300
Wyyqz3OxB5c,MY $1000 KEYBOARD CHANGED MY LIFE,2016-11-03T21:32:53Z,PT3M33S,0,3,33,213
KO8B2kw_Jxs,I BOUGHT A 1000$ KEYBOARD,2016-10-25T21:06:50Z,PT6M21S,0,6,21,381
NEDPgQYhbqs,IF ONLINE ADS WERE REAL,2016-10-16T20:30:00Z,PT4M36S,0,4,36,276
RPcXg2-0ejw,Bleach Bottle Flips (COP CALLED),2016-10-09T20:06:23Z,PT4M43S,0,4,43,283
jhYG5BStQSk,Hi Me In A Year (Scheduled Uploaded A Year Ago),2016-10-04T21:00:01Z,PT1M59S,0,1,59,119
wTIPpjUgAFE,Epic New Gaming And Youtube Setup 2016,2016-09-30T22:32:04Z,PT5M,0,5,0,300
vBp0bzVr09s,LISTENING TO OLD VOICEMAILS FOR THE FIRST TIME,2016-08-28T21:00:01Z,PT5M13S,0,5,13,313
AXjdI_LHWJU,GAMBLING MONEY WITH SCRATCH OFF TICKETS,2016-08-26T22:30:01Z,PT7M56S,0,7,56,476
dJCsc_Cq9i4,BEST WALMART TOILET PAPER FORT,2016-08-24T21:00:01Z,PT4M16S,0,4,16,256
bqpKlkPpT10,100 LAYERS OF SARAN WRAP + TOILET PAPER!!,2016-08-23T21:01:56Z,PT7M43S,0,7,43,463
TIIU1ivhLKs,WORST REVIEWS ON AMAZON #4 *FUNNY*,2016-08-21T21:17:07Z,PT3M23S,0,3,23,203
G4qOiwIE_o0,HOW MUCH MONEY DO YOUTUBERS MAKE?,2016-08-14T20:20:03Z,PT3M25S,0,3,25,205
yozl6enFC-w,THE WORST SONG ON YOUTUBE *CRINGE*,2016-08-08T20:00:02Z,PT4M8S,0,4,8,248
LP_mGU3CgXk,SURPRISING MY BROTHER WITH A LAPTOP,2016-08-07T19:35:12Z,PT2M56S,0,2,56,176
DoIQMkoYSzw,"SELLING ORGANS FOR $1,000,000",2016-08-02T20:02:21Z,PT5M35S,0,5,35,335
e-If_d_bzfI,POKEMON GO STEREOTYPES,2016-07-14T17:36:53Z,PT3M27S,0,3,27,207
5J6-5g2alp8,"100,000 SUBSCRIBERS.EXE",2016-07-08T20:00:00Z,PT4M26S,0,4,26,266
qjGNBluF6_I,WORST REVIEWS ON AMAZON #2 HOW IS THIS LEGAL?,2016-07-02T20:30:01Z,PT4M50S,0,4,50,290
TLoDwqQF5ug,BLOWING UP MY TABLET,2016-07-01T20:30:01Z,PT2M32S,0,2,32,152
uAFGIQPWL54,Worst Reviews On Amazon #1 (Minecraft Edition),2016-06-26T21:24:27Z,PT2M7S,0,2,7,127
SaDDjW9Rw-M,WORST THUMBNAILS ON YOUTUBE #3,2016-06-21T20:01:20Z,PT3M4S,0,3,4,184
CHdy9wND1jo,REACTING TO MY OLD MINECRAFT VIDEOS (HORRIBLE),2016-06-19T20:36:36Z,PT8M43S,0,8,43,523
9LiS_3HEErU,HOW TO MAKE A GOOD INTRO FOR YOUTUBE,2016-06-14T20:51:19Z,PT3M4S,0,3,4,184
hRj5qNfkdO0,WORST BANNERS ON YOUTUBE #1,2016-06-13T21:13:33Z,PT3M36S,0,3,36,216
ocruJKe2tFk,"50,000 Subscribers.exe",2016-06-11T21:01:16Z,PT3M35S,0,3,35,215
MgRMNzKknto,Dude Perfect 4.0 - We Are Totally Better,2016-06-06T21:01:41Z,PT3M33S,0,3,33,213
XW1TsAVdXsw,BEST INTROS ON YOUTUBE #1,2016-06-01T20:42:11Z,PT3M5S,0,3,5,185
Qhdj_Umh1IE,Motivation For Youtubers #6 LAST ONE,2016-05-24T15:00:01Z,PT2M59S,0,2,59,179
fN_RQFqaGHI,How Many Licks Does It Take To Get To The Center Of A Tootsie Pop?,2016-05-19T21:00:01Z,PT12M37S,0,12,37,757
hC3xW8xeCDs,Motivation For Youtubers #5,2016-05-15T21:00:01Z,PT2M28S,0,2,28,148
xGJEPTCw9GU,18th Birthday QNA - Mom's Hair Dryer Age?,2016-05-07T21:00:00Z,PT3M52S,0,3,52,232
FmjsePPBbdU,WORST MEMES AND TRENDS ON YOUTUBE!,2016-05-01T21:00:00Z,PT3M51S,0,3,51,231
lMLEcUXz6T8,Cereal Commentary,2016-04-28T00:36:58Z,PT5M39S,0,5,39,339
BKJy7BFP3Is,WHERE IS MY COOKIE?????,2016-04-24T21:31:29Z,PT2M42S,0,2,42,162
1gfgZhW3YgU,"How Much Money Do Big Youtubers Make? (Pewdiepie, Markiplier, etc)",2016-04-22T21:02:56Z,PT3M48S,0,3,48,228
VXmKt_1T0QM,Struggles Of Being A Youtuber,2016-04-19T21:30:01Z,PT3M14S,0,3,14,194
6XCUHLhdnEY,Reenacting Youtubers,2016-04-16T21:32:25Z,PT3M41S,0,3,41,221
ttWTSskmxTA,Life Before And After Gamma (Insane) @GFuelEnergy,2016-04-13T23:08:34Z,PT2M41S,0,2,41,161
5bCyFf8lSfk,Worst Thumbnails On Youtube #2 - Cringe,2016-04-10T22:00:00Z,PT2M13S,0,2,13,133
ngVEpJs5A5s,Motivation For Small Youtubers #4 - Inspiration For Youtubers,2016-04-08T00:11:29Z,PT3M10S,0,3,10,190
zjC48c3ptt0,Scheduled Uploaded 6 Months Ago (REACTION),2016-04-06T21:02:02Z,PT5M22S,0,5,22,322
rS2sntC-lJI,Dude Perfect 3.0 - We Are Better,2016-04-04T21:30:00Z,PT3M13S,0,3,13,193
fG1N5kzeAhM,Dear Future Me (Scheduled Uploaded 6 Months Ago),2016-04-04T19:30:01Z,PT2M25S,0,2,25,145
vT_gRRMjDi0,$100 GIVEAWAY PRANK (NO WEAPONS INVOLVED),2016-04-03T21:00:00Z,PT4M51S,0,4,51,291
dfcPUqiivDY,GIVING AWAY $100 ITUNES GIFT CARDS,2016-04-01T20:45:18Z,PT2M10S,0,2,10,130
zCR6DJX7Kak,Walking Dead Daryl DIED (Fan Reaction To Death),2016-03-28T02:10:15Z,PT43S,0,0,43,43
4cX-w-ia0RU,Why Do Youtubers Ask For Likes?,2016-03-27T21:50:19Z,PT3M21S,0,3,21,201
2nVjy-zd65Q,Making My Background More Epic,2016-03-26T21:00:00Z,PT3M28S,0,3,28,208
xlzpD4GeBW0,Doing Youtube For Fun Or Views?,2016-03-23T23:51:29Z,PT3M45S,0,3,45,225
8ZTy3K2QgOY,Pranks That Went Horribly Wrong,2016-03-19T21:00:00Z,PT4M34S,0,4,34,274
k9zko79_3_I,Who Founded Faze? Who Created Faze Clan?,2016-03-18T00:23:07Z,PT5M25S,0,5,25,325
fYnPyLfxSJg,Subscriber Goals For 2017,2016-03-09T23:35:32Z,PT3M54S,0,3,54,234
pBH_QL4JGcI,"20,000",2016-03-08T00:35:01Z,PT4M16S,0,4,16,256
1wtFD9zSQO8,The Dreaded Unanswerable Question,2016-02-29T23:56:41Z,PT4M30S,0,4,30,270
VqhjiwmGNKA,WORST THUMBNAILS ON YOUTUBE,2016-02-28T20:48:25Z,PT2M36S,0,2,36,156
EhZ9gHZOZT8,Beast Goes Camping (Didn't Go Wrong) (Didn't Go Sexual),2016-02-20T23:07:55Z,PT4M45S,0,4,45,285
LHtkve6-O0g,NBA Interviews Gone Wrong (No Gun Pulled),2016-02-20T14:56:51Z,PT2M34S,0,2,34,154
m3Ol8zn7brk,Movie Trailers Be Like,2016-02-15T18:31:34Z,PT1M42S,0,1,42,102
qBiZA4QDsj0,What Is Youtube Red? Should I Buy Youtube Red?,2016-02-10T23:42:47Z,PT4M39S,0,4,39,279
NeOrh4GnPZ4,Things I Hate #2 - Youtube Edition,2016-02-09T01:26:28Z,PT4M21S,0,4,21,261
fWhfOAuOqjY,Super Bowl Commercial 2016 Cost - How Much Does A Commercial Cost In 2016 Super Bowl?,2016-02-07T18:20:40Z,PT2M57S,0,2,57,177
9Ax56oRhcZc,Counting To 10000 In One Sitting,2016-02-01T00:27:55Z,PT3H29M41S,3,29,41,12581
-cWVrFABWHw,HOW TO MAKE A VIRAL PRANK VIDEO 100% LEGIT,2016-01-26T21:38:09Z,PT2M26S,0,2,26,146
z7qtJAAV5d0,Is Obama Dead? Dumb Google Searches!,2016-01-24T00:21:47Z,PT5M24S,0,5,24,324
9pk-neTrDoM,How To Be MrBeast (Made By Really Old Subscriber),2016-01-23T19:46:56Z,PT5M21S,0,5,21,321
JQscW6DfNZY,Should You Play Video Games?,2016-01-22T17:04:58Z,PT2M59S,0,2,59,179
9smE_EiKJ8Q,School Is A Waste Of Time,2016-01-21T22:45:37Z,PT2M54S,0,2,54,174
hfaPkoXeYfU,Is Michael Bay My Dad????????,2016-01-18T21:46:21Z,PT1M42S,0,1,42,102
u0hHxeWkB_o,Lottery Taxes - How Much Tax Is If You Win The Lottery,2016-01-16T19:25:35Z,PT3M40S,0,3,40,220
64WGWubQO3I,Motivation For Small Youtubers #3,2016-01-12T00:57:36Z,PT3M31S,0,3,31,211
QJUs6CSRCFU,Giving Away Two $15 Gift Cards (forgive me boyz),2016-01-10T23:32:03Z,PT3M11S,0,3,11,191
Om4c4ilT_6g,Do Dislikes Matter On Youtube - Are Dislikes Bad Or Good?,2016-01-07T22:19:01Z,PT4M24S,0,4,24,264
GbOfxRfHdeg,How To Get Active Subscribers On Youtube? Tips 2016,2016-01-05T22:05:42Z,PT5M45S,0,5,45,345
yzxYCRDcGDs,Reaction Channels Are Stupid??????? #JCTG,2016-01-05T01:49:06Z,PT3M14S,0,3,14,194
PCakYf_PnT0,Goodbye Laptop,2016-01-01T23:49:09Z,PT2M16S,0,2,16,136
8nv_ltg4RAg,2015 Year Highlights,2015-12-30T20:18:43Z,PT4M3S,0,4,3,243
VvphlSvCyj8,MrBeast Rest In Pepperoni 6000,2015-12-27T20:15:59Z,PT3M4S,0,3,4,184
JP3v6UxI124,How To Think Of Good Video Ideas (Tips),2015-12-26T17:38:52Z,PT6M13S,0,6,13,373
jRURlbRAUhI,Whats That Song Name?,2015-12-24T17:01:11Z,PT1M52S,0,1,52,112
I_3R9YGFlHE,The Anti-Beast,2015-12-23T23:51:22Z,PT2M39S,0,2,39,159
xjJJ_wDlc1E,"Reacting To Family Accounts (MamaBeast, MrBeast'sLaptop, Etc)",2015-12-22T22:30:23Z,PT9M24S,0,9,24,564
cqirhwhq_qM,Do Youtubers Pay Taxes????? (USA),2015-12-19T19:21:52Z,PT6M31S,0,6,31,391
3IQdDBwc42o,Why Does This Video Have No Thumbnail?,2015-12-15T01:43:00Z,PT3M1S,0,3,1,181
4YHnf3YepwU,Totally 100% Real Epic Ping Pong Trickshots,2015-12-11T22:00:01Z,PT1M21S,0,1,21,81
uxzBq4Y_fNw,Exams Be Like,2015-12-10T00:15:18Z,PT3M54S,0,3,54,234
HIhUkvAG0o4,How Many People Have A Silver Play Button????,2015-12-08T22:22:47Z,PT3M33S,0,3,33,213
cpI5lCaqZcQ,How To Get More Views And Subscribers On Youtube (2016),2015-12-03T21:00:00Z,PT3M12S,0,3,12,192
6zQhLOw1nw8,Should You Do COD Commentaries In 2016????,2015-12-02T23:51:26Z,PT3M47S,0,3,47,227
mfvi_jgdVqE,THINGS I HATE #1,2015-12-02T01:20:16Z,PT3M40S,0,3,40,220
zExxMxcoJ6A,Worst MrBeast6000 Intros?? (Fan Made!),2015-11-30T21:38:00Z,PT2M13S,0,2,13,133
hD_Af6W2qug,Dear Razer Can I Have My 70$ Back?????,2015-11-29T21:10:16Z,PT2M59S,0,2,59,179
XOtTKQujlkI,"How Many People Get The Golden Play Button? (1,000,000 Subscribers)",2015-11-28T00:45:38Z,PT3M,0,3,0,180
dRqthQ2Mc_0,"Spam404 Has Terminated 5,000,000 Videos (Including Pewdiepie)",2015-11-26T17:36:51Z,PT2M23S,0,2,23,143
8TFq_vvO_Wg,MrBeast6000's First Video (So Bad lol),2015-11-19T21:29:40Z,PT3M7S,0,3,7,187
oo8ve4Ldpck,The Evolution Of My Youtube Banners,2015-11-18T21:16:57Z,PT59S,0,0,59,59
sKn8Tbp2a-4,"Shark Tank Most Successful Products, Entrepreneurs, Or Businesses 2015",2015-11-08T19:33:42Z,PT4M54S,0,4,54,294
g0IrVKXIbmE,PSYCHO FRIEND SMASHES MY LAPTOP! (Mc Juggernuggets Parody),2015-11-06T00:07:37Z,PT1M32S,0,1,32,92
2Om2M4_Kyd0,FREE TO USE BO3 GAMEPLAY - 1080p,2015-11-03T01:58:07Z,PT2M45S,0,2,45,165
KaaEivIqX6M,Double Agent (Short Film),2015-11-01T14:33:38Z,PT7M50S,0,7,50,470
W4gBpws7Ug8,YOU ONLY DO YOUTUBE FOR VIEWS,2015-10-29T21:12:15Z,PT5M34S,0,5,34,334
NT3EkjxO8hs,"10,000 QNA With MUM",2015-10-29T00:21:29Z,PT3M55S,0,3,55,235
syMozMiJneM,Why I Stopped Playing Video Games - Video Game Commentary,2015-10-25T21:20:24Z,PT4M44S,0,4,44,284
Wt6cMjn3YLg,YOUTUBE RED STEALS CONTENT CREATORS MONEY? What Is Youtube Red?,2015-10-21T23:13:36Z,PT5M26S,0,5,26,326
OEuS7fjMlMc,Millions Of Views!,2015-10-18T23:15:40Z,PT3M47S,0,3,47,227
1Pr-R2nKTY4,"How To Get 1,000 Subscribers On Youtube - Vlogs Gaming",2015-10-15T20:12:22Z,PT2M59S,0,2,59,179
QqdUhn99E-s,High School Education Be Like (Paying Taxes),2015-10-14T21:10:31Z,PT2M46S,0,2,46,166
1UygJmcHUdQ,I Got Bored Of Studying So This Happened,2015-10-13T01:15:19Z,PT2M9S,0,2,9,129
g4DAFnZcCcQ,Best Microphone For Youtube (Gaming Commentaries Vocals Singing Podcast),2015-10-11T18:56:01Z,PT3M37S,0,3,37,217
LTr8cXAxy1I,9k Subs - Channel Talk,2015-10-10T17:20:05Z,PT4M35S,0,4,35,275
Ow3xqv7ahXo,How Much Money Does Bill Gates Make / Have - Billionaire,2015-10-09T22:27:01Z,PT4M4S,0,4,4,244
TRiF8PdrIP8,MrBeast6000's Channel Trailer,2015-10-08T20:00:00Z,PT1M55S,0,1,55,115
NFZ_MtTvwm0,Best Non-Copyrighted Songs For Videos! (Intros Vlogs Gaming Trailers) 2016,2015-10-05T22:41:22Z,PT2M59S,0,2,59,179
Pgxi8dsUW-o,Is Being A Youtuber Hard? Is Being A Youtuber Worth It?,2015-10-04T20:35:42Z,PT5M21S,0,5,21,321
YY2-jJojnOA,Best Green Screen Lighting Ever? (Joking Obviously),2015-10-03T21:06:46Z,PT3M24S,0,3,24,204
7Pogam71094,How Do Youtubers Make Money? How Do Youtubers Get Paid?,2015-09-29T23:16:50Z,PT6M6S,0,6,6,366
DL0OPJ2hahc,Increase Youtube Views 2015! COMMUNITY CHANNELS - Boosting Youtube Views,2015-09-27T21:04:03Z,PT3M52S,0,3,52,232
WwE0tR08OTU,Originality - A Youtube Poem By MrBeast6000,2015-09-26T23:04:34Z,PT1M48S,0,1,48,108
2LIJtcI4dbg,Stupid Things People Search On Google,2015-09-25T22:57:49Z,PT5M17S,0,5,17,317
rXnaD7PU9kY,"Ad Blocker For Chrome and Mobile, Should You Use It?",2015-09-23T23:54:06Z,PT5M15S,0,5,15,315
Ng_qwlvhrJo,PC Master Race Vs Console Peasants,2015-09-21T23:40:01Z,PT1M59S,0,1,59,119
bzIPun3cVsw,Shia Labeouf Motivates Youtubers!,2015-09-19T22:53:26Z,PT1M28S,0,1,28,88
miKQkeq5sbU,Knives In Video Games Cost More Than Real Life????,2015-09-18T23:57:02Z,PT3M43S,0,3,43,223
Lwt_VThQIdM,"Why I Sold My PS4, Not A Gaming Channel???",2015-09-18T00:21:53Z,PT4M6S,0,4,6,246
P2oPACr4uuU,Selling PS4 For $250 + Elgato For $100!,2015-09-16T22:26:34Z,PT2M38S,0,2,38,158
h-D6ukDcS9o,Do Tags Do Anything On Youtube?????,2015-09-13T20:48:10Z,PT3M37S,0,3,37,217
mY77HA20MzA,Bronze And Platinum Play Buttons?????,2015-09-13T00:23:55Z,PT4M23S,0,4,23,263
4krBgDFycgY,7k SUBS! Smashing Ghost + AW! Plus Channel Talk!,2015-09-09T21:48:18Z,PT4M58S,0,4,58,298
dpUxRIqbNlc,Exility vs Dr.Pineapplez - Misleading Contest!,2015-09-08T22:06:36Z,PT4M18S,0,4,18,258
Cp431S5z8PE,6 Uses For Your Advanced Warfare Disk!,2015-09-07T20:40:56Z,PT1M5S,0,1,5,65
ttLYXcza4j4,MrBeast‚Äôs Outro Song,2015-09-05T20:15:02Z,PT2M11S,0,2,11,131
3-f9DEFsh4w,Watching Video Games Is A Waste Of Time????,2015-09-05T16:14:19Z,PT4M3S,0,4,3,243
vuOTP206zWM,"Pewdiepie's Shoutout, What Would You Do If You Won?",2015-09-05T00:49:25Z,PT4M38S,0,4,38,278
J590MYm0SY8,How I Will Survive The Zombie Apocalypse!,2015-08-31T22:11:06Z,PT6M1S,0,6,1,361
vGB2d5cQJpY,How Much Money Do Youtubers Make? Real Numbers!,2015-08-30T21:37:55Z,PT3M14S,0,3,14,194
M94G0iKYiSM,HONEST Shout Out Sunday! Free Subscribers!,2015-08-30T18:06:45Z,PT3M30S,0,3,30,210
pGYyUssWLTA,Social Media As A Job????,2015-08-29T18:20:31Z,PT3M9S,0,3,9,189
j7kM8G_AjuY,Airplane Pilots Last Words Before Death,2015-08-28T21:56:21Z,PT2M29S,0,2,29,149
deK-My3Of0o,How Much Do T.V. Commercials Cost?????,2015-08-28T01:40:10Z,PT3M29S,0,3,29,209
oB8kFFvJdhE,How To Tweet When You're Dead! DEADSOCIAL Facebook And Instagram Also!,2015-08-27T10:00:01Z,PT4M29S,0,4,29,269
X9eXa-Uzuj0,My Favorite FaZe Clan Members?????,2015-08-26T10:00:00Z,PT3M54S,0,3,54,234
GxTVDClFXuc,MrBeast6000Subs,2015-08-23T11:00:00Z,PT5M20S,0,5,20,320
kGaq-Qi9hoE,"Youtube Networking - Aka Fake Likes, Subs, And Comments",2015-08-21T20:04:55Z,PT4M28S,0,4,28,268
9zFfp3gzZ88,I Hate Youtubers That Ask For Likes,2015-08-20T19:13:03Z,PT4M16S,0,4,16,256
mM2KwBYa-u4,My Mom Found My Channel!! :0,2015-08-20T01:44:22Z,PT4M29S,0,4,29,269
WAcmsAISniQ,1080p FREE TO USE BLACK OPS 3 GAMEPLAY,2015-08-19T21:35:16Z,PT2M23S,0,2,23,143
kqUT-s3a6tU,"Black Ops 3 First Impressions, My First Game",2015-08-19T02:44:52Z,PT3M41S,0,3,41,221
NUVglXbGBfs,Dogs Opinions On Youtubers Getting BO3 Early,2015-08-18T20:55:37Z,PT1M16S,0,1,16,76
T-v4b3WtPAg,BO3,2015-08-18T17:07:49Z,PT3M41S,0,3,41,221
m8qGlpcfAIw,Xbox One Destroyer? COD Advertisement Is Free,2015-08-18T01:08:14Z,PT4M8S,0,4,8,248
uZPkMnv8b-o,Modern Art Is A Joke,2015-08-15T10:00:01Z,PT2M56S,0,2,56,176
qVLr6SMxvJw,5 Steps To Becoming Successful On Youtube!,2015-08-14T10:00:03Z,PT3M13S,0,3,13,193
4AigP5OY8JE,Time,2015-08-13T10:00:00Z,PT2M2S,0,2,2,122
RMoFUeBVefA,Beast $500ish Youtube PC Great For Making Videos!,2015-08-12T10:00:00Z,PT4M4S,0,4,4,244
ep7S1XnuQLU,"5,000 Hype",2015-08-11T10:00:00Z,PT3M5S,0,3,5,185
p6bzNpgbX8Y,What Is Crohns Disease?????,2015-08-10T10:00:01Z,PT4M21S,0,4,21,261
6T17licWsQ4,Leaving For 7 Days,2015-08-09T14:26:58Z,PT7M11S,0,7,11,431
1s6UOlWdpw4,Motivation For Youtube - Ultimate Small Youtuber Motivation #2,2015-08-08T22:15:43Z,PT3M29S,0,3,29,209
3LuchpUc7PU,Should I Buy An Elgato Game Capture??,2015-08-07T10:00:00Z,PT2M57S,0,2,57,177
_f6xCA0-gAo,Fanboy Opinions On Black Ops 3,2015-08-06T00:58:47Z,PT3M56S,0,3,56,236
lfD7kMZKuNg,Big Channel's Starting Over???,2015-08-05T10:00:02Z,PT3M19S,0,3,19,199
ejlkNGm82w4,SAT And Some Random Stuff,2015-08-04T22:14:13Z,PT3M26S,0,3,26,206
Jtj9rUqlB1Y,How Many Youtubers Are Millionaires???,2015-08-04T00:18:58Z,PT2M49S,0,2,49,169
ZqzFRGH_tMQ,Always Changing My Name? Mr.Beast or MrBeast6000,2015-08-03T10:00:03Z,PT2M41S,0,2,41,161
94A-bsumX9A,How Much Youtube Money Do I Make???,2015-08-03T02:19:22Z,PT2M28S,0,2,28,148
gYaxI_allkQ,Am I Ian From Smosh????,2015-08-02T19:09:03Z,PT2M18S,0,2,18,138
AjXbO2XfBkE,How Do You Turn Off A PS4? Xbox Noob In Need Of Help,2015-08-01T21:51:25Z,PT1M12S,0,1,12,72
ZQZzR0DUujc,"New Optic Gaming Gear Coming To Advanced Warfare, My Thoughts",2015-08-01T16:47:55Z,PT2M31S,0,2,31,151
-V3-fhJQZkk,Youtube Collabs? Collabbing with Mr.Beast?,2015-08-01T10:00:01Z,PT3M33S,0,3,33,213
QX0wvWGW2qg,Sacrifices And Youtube,2015-07-31T18:03:32Z,PT3M39S,0,3,39,219
oODUkNQAzXU,5$ To Advertise Your Youtube Channel???,2015-07-31T00:13:08Z,PT2M1S,0,2,1,121
2jWZtKTN6jU,Reuploading Other Youtubers Videos? Stealing Big Youtubers Videos.,2015-07-30T18:23:18Z,PT4M14S,0,4,14,254
zsADECFHY8w,4k Subscriber's! First Channel Story!,2015-07-30T01:56:38Z,PT5M14S,0,5,14,314
Feh8o-HmthM,People Who Got Rich From Movie Trailers On Youtube,2015-07-29T19:00:00Z,PT3M26S,0,3,26,206
6Xv-LVYZQxk,Beast Gaming Set Up #almost4k,2015-07-29T15:31:24Z,PT2M31S,0,2,31,151
8-0ZHJHp9g4,Advanced Warfare DLC 4 Honest Parody,2015-07-29T00:37:21Z,PT2M37S,0,2,37,157
QqIG0R-KpGk,World's Worst Thieves,2015-07-28T17:17:48Z,PT3M29S,0,3,29,209
qENpZBzgaUM,VANOSSGAMING IS IN TROUBLE,2015-07-27T22:13:05Z,PT2M53S,0,2,53,173
4DYBVA4884Y,SpiderMan Robs Walmart?????,2015-07-26T19:21:24Z,PT3M7S,0,3,7,187
skEf9R0TXkM,My Upload For ThunderstruckGaming,2015-07-25T22:35:54Z,PT3M40S,0,3,40,220
CnMv_zTXZ38,Best FNAF 4 Fake Reactions! So Funny lol,2015-07-25T16:38:00Z,PT2M27S,0,2,27,147
bEIK5ni_Pzs,How Many People Get The Diamond Play Button?????,2015-07-25T10:00:03Z,PT3M56S,0,3,56,236
_oZyp4mTzSQ,Supply Drops For Charity! Ep #2,2015-07-24T10:00:00Z,PT5M2S,0,5,2,302
is1LSWbssuA,Best Thing To Happen To This Channel?????,2015-07-23T10:00:00Z,PT1M28S,0,1,28,88
XR_q9_LEKuc,Supply Drop Challenge For Charity,2015-07-22T17:59:43Z,PT4M55S,0,4,55,295
X9UiBpDHW3w,FaZe Clan Vs Pewdiepie Who Would Win?????,2015-07-21T18:51:04Z,PT2M51S,0,2,51,171
PRU47AuQF2M,"FaZe Adapt ""Stuttertage""",2015-07-20T17:49:03Z,PT4M44S,0,4,44,284
Y3Rxgf5_R_I,The COD Community? Sleeping With Your Mom?,2015-07-19T17:37:51Z,PT3M3S,0,3,3,183
R6zuvKbvKyU,Exility And Some Other Stuff - Update Vid,2015-07-18T18:02:27Z,PT4M45S,0,4,45,285
yCKe65Nvp0Q,Every Minecraft Let's Play Ever In Under A Minute,2015-07-16T22:00:01Z,PT1M,0,1,0,60
XBe57FyB2xU,Why I deleted Today's First Upload,2015-07-16T17:03:16Z,PT1M55S,0,1,55,115
zpCwHwWgbsI,What Is Spam404?????,2015-07-15T15:05:18Z,PT5M11S,0,5,11,311
lh61MVUxJt0,The History Of Pewdiepie In 2 Minutes,2015-07-14T10:00:01Z,PT2M6S,0,2,6,126
yWnmEPgLroQ,TWITCH STREAMERS REACT TO RECEIVING THOUSANDS FROM SAME GUY!,2015-07-13T10:00:01Z,PT7M32S,0,7,32,452
eBklqeeIu10,I Hate Spam On Youtube,2015-07-12T19:08:52Z,PT3M9S,0,3,9,189
SgMydsOucFg,INSANE TRIPLE LEGENDARY SUPPLY DROP! BEST OPENING YET?,2015-07-11T20:08:50Z,PT3M29S,0,3,29,209
jPm3hRiMKuU,Low Bridge Causes Dozen's Of Wrecks! 11-8 Bridge,2015-07-10T21:56:20Z,PT3M43S,0,3,43,223
OweuuinkVZI,3k HYPE,2015-07-10T18:05:46Z,PT3M23S,0,3,23,203
7Pr0HP-Trgk,How To Become A Gaming Youtuber! All You Need To Know!,2015-07-08T22:00:01Z,PT7M2S,0,7,2,422
UEK0fYAqMss,My Solution For The Theft At The FaZe House - @FaZe_Rain @FaZeAdapt,2015-07-08T10:00:00Z,PT3M7S,0,3,7,187
lRznKN2oPUc,5 Popular Channels That Were Terminated,2015-07-07T22:00:00Z,PT5M,0,5,0,300
IDrS_TrjuK4,What Is Youtube Terms Of Service?????,2015-07-07T10:00:00Z,PT4M9S,0,4,9,249
J1lhxfZtR3M,Do You Think You Will Be Famous?????,2015-07-06T22:00:01Z,PT3M44S,0,3,44,224
b_o8cz0ZNdk,What Is Swatting? Why I hate It!,2015-07-05T18:08:37Z,PT4M19S,0,4,19,259
i5dhcAxO25Q,Reddit Is In Chaos After Firing Victoria,2015-07-03T20:11:21Z,PT1M46S,0,1,46,106
-o_8CDbFMJ0,Paid Promotion On Youtube Good?,2015-07-03T19:26:09Z,PT7M19S,0,7,19,439
v5J1Cycn3s8,How To Gain Youtube Success,2015-07-02T17:10:49Z,PT2M42S,0,2,42,162
YJiqYG-Mylk,FaZe Members Reaction's To Joining Faze,2015-07-01T19:56:45Z,PT3M11S,0,3,11,191
jGE1sUTeR5g,Battle of The Beasts Round 2 Winners!,2015-07-01T04:02:27Z,PT14M7S,0,14,7,847
0tZCQ25fsoI,Youtube In 10 Years?????,2015-06-30T16:31:29Z,PT3M6S,0,3,6,186
N9jTogPwqVY,The Ultimate Motivation For Small Youtubers,2015-06-29T17:27:21Z,PT2M44S,0,2,44,164
yyJ7xEcENNI,How Much Does Pewdiepie Make?,2015-06-28T22:41:05Z,PT3M53S,0,3,53,233
3rJgCGMPEqA,Random Stuff You Don't Care About,2015-06-27T23:32:54Z,PT2M22S,0,2,22,142
7isfkomGg7o,Battle Of The Beast Round 1 Winners!,2015-06-23T19:49:57Z,PT9M13S,0,9,13,553
UCYefSGBP00,The Truth About Big Community Channels,2015-06-22T16:32:02Z,PT4M33S,0,4,33,273
dvdGkRK5a_0,WORLD'S FIRST BLACK OPS 3 GUN SYNC!!,2015-06-22T01:19:49Z,PT1M21S,0,1,21,81
X7doE4h6W64,Insane Gun Sync - 7 Hours To Make,2015-06-21T12:22:34Z,PT2M14S,0,2,14,134
GhppzOzN3MM,Battle of The Beasts Bracket!!!! (Not accepting anymore),2015-06-20T03:32:30Z,PT1M38S,0,1,38,98
QkXDatNdL4U,Free To Use Advanced Warfare Gameplay! 2015,2015-06-19T14:07:22Z,PT2M5S,0,2,5,125
hyt2t4r8lQ4,Battle Of The Beast Tournament UPDATE!,2015-06-18T23:25:47Z,PT2M32S,0,2,32,152
-mlok5iT3GE,My Top 5 Favorite Things At E3 2015,2015-06-18T17:18:38Z,PT2M30S,0,2,30,150
STvOHHgJ1sQ,Battle Of The Beasts (youtubers needed),2015-06-17T20:58:19Z,PT3M3S,0,3,3,183
2-ErX5oDzwM,History Of COD Part 2! Black Ops 1 - History Of COD On Youtube!,2015-06-13T21:34:28Z,PT10M49S,0,10,49,649
7ytYV-tVIvg,How Did Notch Become A Billionaire? How Much Did Minecraft Sell For?????,2015-06-12T17:47:14Z,PT3M36S,0,3,36,216
ELIoOUKSOJQ,Top 10 Richest Gaming Youtubers?????,2015-06-11T16:42:11Z,PT4M5S,0,4,5,245
uAoayezOaug,Markiplier Is A Great Man! Sub shodleech!,2015-06-09T02:56:28Z,PT2M3S,0,2,3,123
Vr2337tCLCI,Insane Advanced Warfare Hacker!,2015-06-07T22:58:31Z,PT2M14S,0,2,14,134
NV7qmqbS8tM,"What Is Considered A ""Bad Video"" On Youtube????? #karnageRC",2015-06-07T21:38:42Z,PT4M12S,0,4,12,252
U9c-ycvw02A,I Think I Am Going For The #KarnageRC,2015-06-05T15:21:50Z,PT3M52S,0,3,52,232
GfgcVOuHLAo,Every FaZe Video Ever #karnageRC,2015-06-04T19:09:17Z,PT3M17S,0,3,17,197
zi7tZ-2PhLk,How Much Money Do You Make As An Uber Driver??????,2015-05-31T18:31:25Z,PT5M4S,0,5,4,304
TacjQmKCiZg,How Much Does Faze Rain's Giveaway Cost??????,2015-05-30T21:27:08Z,PT1M13S,0,1,13,73
AIytwdufwW8,MY MESSAGE TO COD YOUTUBERS (Watch till end plz),2015-05-29T20:07:48Z,PT4M52S,0,4,52,292
KLAI0c0Spog,Best Of FlipArtz - His Best Advanced Supply Drops EVER!,2015-05-29T17:06:25Z,PT10M40S,0,10,40,640
UVin8WtE5eU,Summer Is Finally Here!,2015-05-28T21:46:37Z,PT2M26S,0,2,26,146
wNuxirsrwBk,Why Are Things Unbalanced In Video Games?????,2015-05-28T20:36:06Z,PT3M30S,0,3,30,210
6bxZpS0cm5o,New Channel?,2015-05-23T22:59:21Z,PT4M51S,0,4,51,291
ajJbMGq9AS4,"Youtube ""Freinds""",2015-05-23T01:28:10Z,PT4M39S,0,4,39,279
UXw9jqgJNNc,"Youtube Stat News - Vevo Gets 10 Bil. Views A Month, Channel Milestones, and more!",2015-05-21T00:31:22Z,PT5M28S,0,5,28,328
E3CqKvlzl-I,Big Changes??? Idk just watch the stupid video,2015-05-18T21:29:43Z,PT6M34S,0,6,34,394
zfDr05ax0gM,How Much Money Does DramaAlert Make????,2015-05-15T23:53:16Z,PT1M32S,0,1,32,92
56OkH6ocYZU,L0114R - Biblical Creeper Post for Post @L0114R,2015-05-15T16:48:54Z,PT1M28S,0,1,28,88
w40Z8aT5fpQ,Why Do We Do Things That Are Bad For Us?????,2015-05-14T23:52:57Z,PT3M24S,0,3,24,204
zgDezsMQyyU,How To Monetize Your Videos And Make Lots Of Youtube Money!!$$$,2015-05-10T20:59:50Z,PT10M23S,0,10,23,623
UEwnitHoSDw,DIY $23.00 Mini Sound Booth? Does It Work?,2015-05-09T19:47:51Z,PT3M49S,0,3,49,229
__SaaKSW9iE,Cut Coms vs Uncut Coms,2015-05-09T06:53:13Z,PT2M39S,0,2,39,159
qWnyJ55KBKo,Minimum Wage,2015-05-07T23:27:32Z,PT1M59S,0,1,59,119
52awie9G00A,My New Channel Trailer ;),2015-05-07T01:27:48Z,PT1M17S,0,1,17,77
bB99NdUoxEQ,Why I Changed My Channel Name,2015-05-03T23:59:54Z,PT3M16S,0,3,16,196
7GjSaNi8Epg,How Overpriced Is Movie Popcorn?????,2015-05-03T18:39:15Z,PT2M40S,0,2,40,160
h5uE4ERMiTk,Screw Warface,2015-05-02T21:41:18Z,PT3M37S,0,3,37,217
umRLkCrmwcs,My Problems,2015-05-01T02:23:50Z,PT4M7S,0,4,7,247
rHoLyltYDtQ,Ma Channel,2015-04-29T23:50:00Z,PT2M48S,0,2,48,168
yeHjsYQ076A,Remember When COD Was Fun?,2015-04-26T21:26:36Z,PT3M36S,0,3,36,216
pqrdPu2ESFo,My Baby Got a Virus :(,2015-04-25T22:34:19Z,PT2M55S,0,2,55,175
ywZy_Fo2ydo,Modern Art Is A Joke,2015-04-25T15:02:30Z,PT2M49S,0,2,49,169
qr4v9pdfVlU,Cheat Channels,2015-04-24T01:53:38Z,PT3M34S,0,3,34,214
hgiPX33AHas,Time,2015-04-22T21:33:54Z,PT1M54S,0,1,54,114
oZ-Mn5p1xMw,"2,000 Subscribers",2015-04-18T18:45:34Z,PT2M25S,0,2,25,145
5UPa_hu5opg,Youtube,2015-04-14T22:39:24Z,PT4M37S,0,4,37,277
zv_oq5UNDAo,"How To SAT, Get Into Yale",2015-04-13T11:08:02Z,PT4M5S,0,4,5,245
NiqkH7qVW0U,100k Subs With No Videos????,2015-04-11T16:51:40Z,PT4M17S,0,4,17,257
boBokLXe5o8,Is Jacksepticeye A Millionaire?????? 2016,2015-04-09T23:07:38Z,PT3M10S,0,3,10,190
7YOzgk-U4EU,How Rich Is Buzz Feed???,2015-04-07T11:16:50Z,PT3M25S,0,3,25,205
prdSftLj9-g,How To Do A High School or College Paper!,2015-04-06T11:42:14Z,PT3M56S,0,3,56,236
pzlPJmNyepA,What is Crohn's Disease?????,2015-04-04T20:31:25Z,PT7M3S,0,7,3,423
QNoqAnJOSqU,What Happens If You Get A Copy Right Strike??,2015-04-03T19:45:11Z,PT3M52S,0,3,52,232
kzIA4vKyhRQ,5 Steps To Becoming Successful On Youtube,2015-04-02T23:10:02Z,PT3M13S,0,3,13,193
DfonKqMENrg,Making Youtube a Priority,2015-04-01T23:58:35Z,PT3M16S,0,3,16,196
MUQCwdkEbq0,Why I Was Not Uploading,2015-03-21T22:11:51Z,PT1M35S,0,1,35,95
JlUzoQN9FWw,Youtubers Analytic's Explained,2015-03-06T01:07:06Z,PT3M37S,0,3,37,217
0VjLq-go1fg,How Much $$$ Does Every Member of FaZe Make COMBINED????? 2016,2015-03-05T02:07:01Z,PT3M57S,0,3,57,237
uCIpW9zOmgI,Is Pewdiepie The #2 Youtuber?!?!?  :0,2015-03-04T01:53:50Z,PT3M55S,0,3,55,235
Z0Poefgrs4w,How Much Money Does Smosh Make????? 2016,2015-03-03T01:14:27Z,PT2M47S,0,2,47,167
MLN6TRB9Jxw,Who Are The Worst Youtubers?????,2015-03-01T12:00:00Z,PT3M36S,0,3,36,216
vZrL_FFITgs,Subscriber Goals For 2016,2015-02-28T17:12:07Z,PT4M8S,0,4,8,248
L7lGD_anC00,How Many People Do Youtube as a JOB?????,2015-02-26T02:07:13Z,PT2M54S,0,2,54,174
xu1nhAfnMGA,How Much Money Does Syndicate Project Make????? 2016,2015-02-24T20:26:12Z,PT3M23S,0,3,23,203
D1livXdFGkQ,Are Youtubers Millionaires?,2015-02-22T19:45:00Z,PT3M15S,0,3,15,195
bwp_3qLgWpQ,Magecraft - Epic Hit! 11k Troops killed.,2015-02-21T15:41:14Z,PT3M53S,0,3,53,233
tZpnfF0-7Ls,Highest Paid Musicians????,2015-02-17T21:38:06Z,PT4M48S,0,4,48,288
BwAMltY3-c0,Making Fun Of Youtuber's Intros.,2015-02-16T19:45:42Z,PT1M54S,0,1,54,114
7HBR3Ea72CY,10 Things You DIDN'T Know About Youtube!,2015-02-08T00:04:06Z,PT3M1S,0,3,1,181
Ds9H2UnUHL0,Quitting?,2015-02-06T22:27:38Z,PT3M46S,0,3,46,226
iqUFeWAVp-0,How Much Money Does Markiplier Make????? 2016,2015-01-04T20:59:46Z,PT2M34S,0,2,34,154
W2skFWRk6qo,PewDiePie Uploads A Fake Video! LOL,2015-01-01T18:56:04Z,PT2M35S,0,2,35,155
X_qd-1xSTFA,Pewdiepie Was On T.V.,2014-12-07T17:51:08Z,PT2M29S,0,2,29,149
VWa0ImMY2bQ,Five Facts You Didn't Know About Youtube.,2014-12-01T22:00:05Z,PT4M21S,0,4,21,261
fEcASr38n2E,Milestones And Plans For My Channel,2014-11-30T18:21:44Z,PT3M,0,3,0,180
udmf5MQLNGA,How Much Money Did Gangnam Style Earn??? 2016,2014-11-26T22:53:11Z,PT2M24S,0,2,24,144
0dg2eR2NSQ0,Best League Player In The Universe.,2014-11-23T17:37:28Z,PT3M,0,3,0,180
6BNOWeYFyP8,MageCraft - Beginners tutorial. (The app),2014-11-17T02:25:46Z,PT8M47S,0,8,47,527
LDegY-H60_U,How much money does VanossGaming Make? 2016,2014-11-02T16:06:08Z,PT3M20S,0,3,20,200
D51HaR-XvgM,Opening Old Basketball Cards! Ep. #1 (Michael Jordan Found),2014-10-21T02:19:05Z,PT4M27S,0,4,27,267
Rio7r_vLUEo,20 Best Websites?????,2014-08-29T22:45:20Z,PT6M44S,0,6,44,404
8E5Ygl02wtM,"How Much Money Does ""Chris Smooth"" Make?????",2014-08-21T22:46:35Z,PT4M2S,0,4,2,242
moMJjt5KECc,Money Problems,2014-08-20T17:40:18Z,PT4M2S,0,4,2,242
OffgqPzDi7Q,Vanoss vs Speedy! Who is better? Updated.,2014-08-20T01:57:30Z,PT3M45S,0,3,45,225
B_7uD3B62MM,Welcome To My Channel!,2014-08-18T00:01:52Z,PT28S,0,0,28,28
bA20RJcegOI,1500,2014-08-08T18:58:18Z,PT2M23S,0,2,23,143
NbHwVDt9Rjk,How Much Money Does Yogscast Make????? 2016,2014-07-13T18:37:22Z,PT3M46S,0,3,46,226
VzsE09KjpKA,How Much Does WhiteBoy7thSt Make????? 2016,2014-07-11T21:52:50Z,PT3M27S,0,3,27,207
HduubRTdko4,"How Much Does ""Epic Rap Battles"" Make?????",2014-07-10T23:05:51Z,PT3M20S,0,3,20,200
qFOGv5zuTdw,How Much Money Does FaZe Make?????,2014-07-09T21:15:15Z,PT3M18S,0,3,18,198
u6t4jrhs56Q,"Top Youtube ""ShoutOuts""",2014-07-09T00:07:05Z,PT6M5S,0,6,5,365
460GXJiGCEs,Youtube Dream,2014-07-08T00:17:34Z,PT4M31S,0,4,31,271
ZiuoOcj2eLY,In Dis Video I Play Minecraft. (Factions),2014-07-05T15:57:13Z,PT8M49S,0,8,49,529
LYK6SPMtJ_Y,Youtube Grind,2014-06-28T21:06:46Z,PT3M20S,0,3,20,200
2ljWxaMvE_0,Hacker in Ghost???? I Couldn't Kill Him.,2014-06-22T00:27:19Z,PT36S,0,0,36,36
rSuuQ_s8gOw,How Much Money Does Tmartn Make?????,2014-06-21T18:43:51Z,PT2M37S,0,2,37,157
vKKhX-Uyggw,How Much Money Does FaZe Rain Make?????,2014-06-18T14:00:09Z,PT3M35S,0,3,35,215
EAwXH82m-6A,G2g Brb,2014-06-16T14:00:07Z,PT3M,0,3,0,180
U_07AG_CR5A,Crazy Nub Tub Reactions! Bo2 Fun!,2014-06-13T22:44:22Z,PT3M40S,0,3,40,220
Xe0AGtF5aNU,Fun In COD. - Insane Reactions Lol,2014-06-10T19:01:43Z,PT3M49S,0,3,49,229
NCv0drAPm_M,Minecraft Build-off Fun!!!!!,2014-06-09T12:00:07Z,PT3M33S,0,3,33,213
HuLAAXZXIy0,This Kid Should Quit COD....,2014-06-02T21:37:07Z,PT1M17S,0,1,17,77
pV7UcYW1OwA,Computer vs Console My Perspective.,2014-06-02T18:08:34Z,PT3M26S,0,3,26,206
x4IXCimma-s,5 Youtubers I Think Will Be Famous...,2014-05-31T21:06:55Z,PT4M24S,0,4,24,264
anZbhN0Wh_4,How Much Does PewDiePie Make????? 2016,2014-05-24T19:33:12Z,PT3M26S,0,3,26,206
3Q3pQmzWyZM,I Got Really Really Really Bored....,2014-05-24T16:37:13Z,PT52S,0,0,52,52
BqS4iVHa-LU,How Much Money Does Penguinz0 Make????? 2016,2014-05-16T23:53:55Z,PT2M55S,0,2,55,175
zX04jQFKCpo,How Much Money Does CaptainSparkles Make????? 2016,2014-05-15T20:36:54Z,PT3M3S,0,3,3,183
G7Y9ban7b0U,How Much Money Does Tobuscus Make?????,2014-05-14T23:06:58Z,PT2M22S,0,2,22,142
EMVvA5Cr0fY,COD IS NOT DEAD,2014-05-08T02:19:42Z,PT3M22S,0,3,22,202
e14MroQ5k_s,Storm,2014-04-30T20:31:15Z,PT3M1S,0,3,1,181
CuzdxsOXEZ8,Hearthstone - All Beards Challenge!,2014-04-24T01:56:43Z,PT23M53S,0,23,53,1433
67Wj-0OyKOM,Youtube ad.,2014-04-20T20:26:16Z,PT38S,0,0,38,38
LWstCINhd8g,Impossible,2014-04-20T01:45:45Z,PT3M53S,0,3,53,233
dg6iqLCPizs,Motivation,2014-04-17T01:22:40Z,PT2M54S,0,2,54,174
cRPldarzw-M,1k Subs,2014-04-13T23:53:33Z,PT3M15S,0,3,15,195
-rdYtmUejSE,Yup I is the best at the game.,2014-04-05T13:00:05Z,PT6M57S,0,6,57,417
tusuuI7MEJU,Should I join FaZe?????,2014-04-04T19:44:52Z,PT3M30S,0,3,30,210
XDe5f8BEvwY,"Youtube Networks Requirerments. (Machinima, TGN, 8byte....)",2014-04-01T16:37:55Z,PT4M46S,0,4,46,286
BtCGABBPH9s,Two Years of Youtube.,2014-03-31T16:31:32Z,PT4M31S,0,4,31,271
KJ_C_NSl0P8,"How Much Money Does ""Element Animation"" Make?????",2014-03-30T23:40:18Z,PT3M29S,0,3,29,209
LI8nWXeYtOs,"How Much Money Does ""Skydoesminecraft"" Make????",2014-03-30T01:52:06Z,PT2M47S,0,2,47,167
LMe7k8I082w,Should College Athletes Be Paid?????,2014-03-29T00:18:35Z,PT4M36S,0,4,36,276
h77pHTSPSiw,"""Beast"" Channel Trailer",2014-03-28T21:01:57Z,PT2M1S,0,2,1,121
JUiijjJOInw,What It Takes To Be A Full Time Youtuber...,2014-03-27T19:00:05Z,PT4M41S,0,4,41,281
gpbY6zCEBv4,How Video Games Boosted My SAT Score. Lol,2014-03-26T23:59:45Z,PT2M57S,0,2,57,177
Kgu2ApayYvI,How Much Money Do I Make?????,2014-03-16T01:24:25Z,PT4M10S,0,4,10,250
S9PIukDRcvk,Update,2014-03-13T00:19:29Z,PT4M21S,0,4,21,261
lrw3zkGS9Vc,Subscribers.,2014-03-08T03:52:13Z,PT3M,0,3,0,180
IQYW_lVBYGo,How Much Money Does KyR's Speedy's Crew Make?????,2014-03-02T18:14:47Z,PT2M54S,0,2,54,174
iOjxpow6jow,How Many Youtubers Are Millionaries?????,2014-02-26T23:52:57Z,PT4M4S,0,4,4,244
GdD2pqAdjXY,"Flappy Bird - Builders Showdown, Which is Better?",2014-02-23T22:29:21Z,PT1M25S,0,1,25,85
nmHCmLVLxcU,New COD Zombies In 2014?????,2014-02-23T21:40:04Z,PT2M31S,0,2,31,151
TZPlDuYrcDQ,Minecraft Mansion Timelapse,2014-02-22T23:51:15Z,PT5M2S,0,5,2,302
Oub4nMrNTqQ,Top 5 NON-COPYRIGHTED Songs!!!!!,2014-02-17T20:30:02Z,PT3M24S,0,3,24,204
h5Z36IuyrKc,Vanoss vs Speedy! Which is better?,2014-02-16T20:13:22Z,PT3M7S,0,3,7,187
2IGxSOfsBok,I Hate Pewdiepie!!!!!,2014-02-01T00:16:57Z,PT2M6S,0,2,6,126
ZxkLCq49Tvk,Does Spam Work?????,2014-01-20T23:41:17Z,PT4M15S,0,4,15,255
smDPnIdlkhM,100th VIDEO SPECIAL!,2014-01-20T01:17:01Z,PT4M44S,0,4,44,284
DjMYkWCEan8,The Vortex SMP Episode 1! Just Derping Around and Explaining Things.,2014-01-18T02:49:24Z,PT25M19S,0,25,19,1519
3nn_skHgkqI,Has Youtube Met Its Match?????,2014-01-12T01:25:53Z,PT2M44S,0,2,44,164
A8IkOqb_7Yg,How Much Money Does Pewdiepie Make????? (Updated 2015),2014-01-11T20:31:34Z,PT4M10S,0,4,10,250
hHl_YMivv3c,"Battle Pirates, my base.",2013-12-31T14:48:55Z,PT2M56S,0,2,56,176
7mLSbgyjM0g,"Battle Pirates, Hellstrike Base attack.",2013-12-29T22:22:57Z,PT2M52S,0,2,52,172
TGKkMl17Htg,"Battle Pirates, Unstoppable Ship!",2013-12-29T21:05:08Z,PT2M13S,0,2,13,133
Qw3eFnsSdlQ,Best Hellstrike Build???? (Battle Pirates),2013-12-29T17:10:57Z,PT1M37S,0,1,37,97
KcNCJ1mgt14,"Marauder Builds, Battle Pirates In Depth Builds.",2013-12-29T16:20:05Z,PT3M6S,0,3,6,186
A4lp4FRCo6o,"Battle pirates, How To Auto Lvl 40 Salvages.",2013-12-29T00:32:15Z,PT1M18S,0,1,18,78
WYKZz3Zygdc,Hellstrikes vs 7 halos!,2013-12-27T00:27:31Z,PT1M36S,0,1,36,96
5U2fmvh9_Is,"Battle Pirates, Hellstrike vs Epic Base!",2013-12-24T00:00:20Z,PT58S,0,0,58,58
xvIpibLjs5k,"Battle Pirates, Another Hellstrike Fail.",2013-12-18T23:47:57Z,PT57S,0,0,57,57
jlpAON0ePME,Battle pirates Hellstrike fail!,2013-12-18T22:31:02Z,PT47S,0,0,47,47
sfp0a6zDoNQ,"Battle Pirates, lvl 66 vs Missile Cruiser x Fleet!",2013-12-17T18:56:41Z,PT1M24S,0,1,24,84
RaDRWNz3Al4,"Battle Pirates, Hellstrike Too Overpowered????",2013-12-14T15:58:11Z,PT2M40S,0,2,40,160
Ms9MGkEm4mg,"Battle Pirates, All Sentinel Base.",2013-12-05T02:24:33Z,PT1M12S,0,1,12,72
90wWStXJX5c,"Battle pirates, Lvl 58 Mercury Base Attack!",2013-12-05T01:06:00Z,PT1M16S,0,1,16,76
ruSVy-u2DzM,"Battle Pirates, Stingray vs Mercury Epic Battle!",2013-12-05T00:00:24Z,PT1M6S,0,1,6,66
pP1KMQb51GA,OpTiC NaDeShOt Got Hack!!,2013-11-27T19:37:44Z,PT2M44S,0,2,44,164
dPxAFqs2eYE,"Epic Ghost Multiplayer EasterEggs! (PrisonBreak, Sovereign, and Flooded)",2013-11-17T18:26:11Z,PT1M40S,0,1,40,100
p-KVD5rA_Cw,Why Google Does Not Care What We Think....,2013-11-17T01:40:48Z,PT3M,0,3,0,180
JdCgkcb1iwQ,My First Kem Strike!,2013-11-16T19:48:55Z,PT4M29S,0,4,29,269
7anhkLPRk-A,Google+ The Death Of Youtube?????,2013-11-13T22:09:21Z,PT2M43S,0,2,43,163
XVMY7B3AzWM,How Much Money Does PewDiePie Make?????,2013-11-12T03:18:18Z,PT5M32S,0,5,32,332
QXag-irFHxE,Most Overpowered Guns In Ghost!,2013-11-11T20:11:15Z,PT2M40S,0,2,40,160
vBEGODNmdas,Are Minecraft Faction Has A New Pet! (poopymiscquidlepants),2013-10-31T20:44:54Z,PT15S,0,0,15,15
v3tbnlc5cfo,Battle Pirates!,2013-09-21T22:18:59Z,PT3M35S,0,3,35,215
ObYLL97-SBA,How To Duplicate Diamonds!!!!,2013-09-15T01:09:42Z,PT37S,0,0,37,37
IaR7P4-wFK8,50k Video Views!!!! EpicSauce!,2013-09-08T22:20:48Z,PT1M43S,0,1,43,103
v1ELS84GQu8,If This Video Gets One Million Views.....,2013-09-07T02:28:05Z,PT46S,0,0,46,46
ctJORnOjbrQ,These Were The Good Days....,2013-09-05T02:14:46Z,PT52S,0,0,52,52
-hrPQFaDVKQ,Channel Update.,2013-08-16T20:34:58Z,PT2M42S,0,2,42,162
bIZ5_L1ru2w,Funny Noob Tubing Reaction Montage!,2013-08-16T03:04:45Z,PT2M29S,0,2,29,149
yyssjJEJMt4,"Minecraft, How To Grief Without Being Seen!",2013-08-14T21:39:31Z,PT1M3S,0,1,3,63
2bwPntvb90U,Buried Round 50 Gameplay! Black ops 2 Zombies.,2013-08-12T22:49:16Z,PT1M22S,0,1,22,82
Wz1VHTZq16c,Minecraft Let's Play Ep. # 2 - Having Fun and Derping!,2013-08-12T01:53:18Z,PT14M58S,0,14,58,898
Cs-kyTJso-A,Worlds Biggest Ball Of TNT Minecraft!  Challenge Video!,2013-08-09T23:45:05Z,PT1M45S,0,1,45,105
jkqd-oc0F00,"How To Get A Gaming Partnership, And What It Is.",2013-08-08T21:25:32Z,PT6M49S,0,6,49,409
mVkT6Cd9SoI,Camping Montage.... LOL,2013-08-05T21:12:41Z,PT3M20S,0,3,20,200
rffyxTTNkyk,Black Ops 2! Mini Update Video.,2013-08-05T02:55:37Z,PT3M55S,0,3,55,235
OOesLeO6-pc,Randomness,2013-08-02T22:16:42Z,PT5M18S,0,5,18,318
Q5lcjP6XlHw,203 Kill Game! Thanks For 300 Subscribers!,2013-08-01T19:36:50Z,PT4M26S,0,4,26,266
sE3ZZmYotSs,Call of Duty Ghost Multiplier Reveal Trailer Release Date!,2013-07-30T20:51:42Z,PT3M50S,0,3,50,230
pUwUAtmBKxw,Insane Black Ops 2 HACKER!!!!,2013-07-30T02:45:21Z,PT5M59S,0,5,59,359
p5rGgPZtjDw,Top Subscribed To Channels? BO2 w/ commentary!,2013-07-28T20:50:09Z,PT5M39S,0,5,39,339
bWDmDsdvoBs,Career Ender ....  LOL,2013-07-28T17:13:58Z,PT26S,0,0,26,26
OJA1QK-j-Oo,I Bought A New Microphone!  (quality test),2013-07-27T23:25:01Z,PT2M55S,0,2,55,175
KL1X8NsVGd0,Top 10 Worst Guns in Call Of Duty History!,2013-07-25T21:36:56Z,PT4M19S,0,4,19,259
q2HoSwCMcZw,Black ops 2 Patch news!,2013-07-24T20:35:32Z,PT3M53S,0,3,53,233
RRknlgRqOds,Black ops 2 Invisible equipment and scorestreak glitch!,2013-07-21T18:26:36Z,PT2M27S,0,2,27,147
j93M46a-W3U,I'm Back! Update Video....,2013-07-19T23:41:14Z,PT3M24S,0,3,24,204
uqjfMNEWNIg,Minecraft Let's Play! Ep. 1. The Beginning!,2013-07-08T20:03:41Z,PT18M27S,0,18,27,1107
X-g9aT2wFjM,Channel Trailer....,2013-07-06T18:17:45Z,PT49S,0,0,49,49
pHKlrJeKmjA,Black ops 2 Shotgun gameplay w/ commentary....  Ps4 or Xbox?,2013-07-06T00:13:48Z,PT6M2S,0,6,2,362
C82suucz4i4,Black ops 2 Gameplay w/ commentary. Hipsters,2013-07-03T17:48:10Z,PT4M21S,0,4,21,261
H_DYlka7QAQ,Project Zomboid Let's Play ep [04] lots of stuff,2013-06-18T15:51:26Z,PT15M45S,0,15,45,945
ov0KQthQ50U,Project Zomboid Let's Play ep. [03] Looting and storing.,2013-06-17T02:17:34Z,PT24M34S,0,24,34,1474
MC-7ziNt_U4,Project Zomboid let's play ep. [02] Just some chores.,2013-06-15T19:54:37Z,PT14M20S,0,14,20,860
PNsF1Uh5yP8,Project Zomboid Lets Play ep [01] Roughing it out!,2013-06-15T00:03:38Z,PT19M54S,0,19,54,1194
9Y2sAtN5yRs,Gunpowder plus mod! (Grenade mod) Epic explosions for minecraft.,2013-04-21T18:04:39Z,PT2M38S,0,2,38,158
-z349CGAOXs,Horse racing map for new update! (minecraft),2013-04-21T16:37:08Z,PT1M28S,0,1,28,88
pl4xmh3RWfE,Amazing minecraft Cathedral!,2013-04-21T01:36:32Z,PT58S,0,0,58,58
6z5RwrvnH28,Huge WW2 jeep! Minecraft creations.,2013-04-21T00:52:21Z,PT1M4S,0,1,4,64
ivdQqobHDPc,Story time!,2013-04-18T01:54:48Z,PT3M13S,0,3,13,193
uUIlb2rpIuY,Epic Minecraft city! (w/ download link!),2013-04-11T01:00:01Z,PT2M34S,0,2,34,154
Ros1PpcO5Js,Pokemon online battle #9 [rb] Hidden power ice ftw!,2013-04-07T00:03:02Z,PT5M19S,0,5,19,319
KYv1nqutbK0,Pokemon online battle #8 Stone edge,2013-04-05T01:21:12Z,PT5M27S,0,5,27,327
7Yi-ctyTNU4,Online pokemon battle #7 [uu] 5-0,2013-04-04T01:43:46Z,PT4M21S,0,4,21,261
VN2-3OfUzd8,Magic karp sweeps whole team of LEGENDARIES!!!,2013-04-01T23:26:03Z,PT3M35S,0,3,35,215
-2IFrMOM36w,Pokemon online battles #5 [uu] Heracross never seems to dissapoint me...,2013-03-31T20:49:28Z,PT4M28S,0,4,28,268
7dIFHQkrASM,This is a detailed break down of my favorite UU team... ENJOY!,2013-03-29T23:14:45Z,PT9M24S,0,9,24,564
QicO1Gd0kvU,Pokemon online battle #4 [uu] Same old team,2013-03-28T17:22:43Z,PT4M39S,0,4,39,279
yFfcsmK2TOA,Online pokemon battle #3 [uu] Ice punch,2013-03-27T19:57:08Z,PT3M25S,0,3,25,205
Jl0-6tbNGBo,Pokemon online battle #2 [uu] Herracross w/ Dat MOXIE BOOST,2013-03-26T16:58:32Z,PT2M49S,0,2,49,169
IAbX0FwX-GY,Why I Haven't Been Uploading,2013-03-25T20:10:38Z,PT6M3S,0,6,3,363
XKSJRulqDNA,Most Epic Thing In Minecraft!?!?!?!?!?!!?????,2013-03-10T22:19:14Z,PT4M33S,0,4,33,273
jysfHFHNjYQ,Epic minecraft apartment complex!,2013-01-27T18:25:46Z,PT53S,0,0,53,53
Yox25V8Qsm4,Crazy Illulsions In Minecraft. (Bigre),2013-01-27T02:11:30Z,PT2M35S,0,2,35,155
clcN3OA8SNw,Best Minecraft Castle Ever?,2013-01-27T01:52:40Z,PT3M42S,0,3,42,222
m3lTwO0aNyw,How to get unlimited diamonds! minecraft (x-ray),2013-01-26T19:34:43Z,PT2M14S,0,2,14,134
gchqnwXlxJw,Drinks in minecraft (mod),2013-01-26T16:26:34Z,PT43S,0,0,43,43
atCPtw4dg7g,Emerald tool mod! (minecraft),2013-01-23T22:34:58Z,PT49S,0,0,49,49
t8aM4HuVLrQ,This is a block? Since when lol.,2013-01-21T22:30:09Z,PT52S,0,0,52,52
M82VAcabSiA,Scary minecraft pig skin!,2013-01-13T16:53:17Z,PT29S,0,0,29,29
7qj3nuF9Dzw,Most Epic minecraft skin EVER  (Psy),2013-01-13T01:59:21Z,PT31S,0,0,31,31
Y74b7WlcEpk,More birds IN MINECRAFT!!,2013-01-12T23:35:45Z,PT2M6S,0,2,6,126
Z8nEEdXTaX0,Boxy item mod Minecraft.  EPIC,2013-01-12T22:34:11Z,PT1M30S,0,1,30,90
jP82d277Cc8,Harry Potter Mod In Minecraft! EPIC MUST SEE MOD!!!,2012-03-09T23:29:03Z,PT3M59S,0,3,59,239
2XVcLrB7B3Y,Worst Minecraft Saw Trap Ever???,2012-02-20T22:42:32Z,PT2M37S,0,2,37,157
